Job Work,LD
Aarham Lifestyle,09 Clothing
Abhishek Textile,14 Star
Amarson International PVT LTD,1947 Clothings
Ambika Fabrics,1-UP Clothing CO
Aradhana Shirtings,27 Clothing Company
Areena INC,2BE3 Fashion
Arjandas Bhojraj Sons,3 Broz
Ashirwad Fashion Fabrics,3 Dudes
Austhavinayak Textile ( India ) PVT LTD,3N Textiles
B T M Textile,4 Ever
Balaji Textiles,4 You Casuals
Bhagwan Textiles,4SPID Consultancy (India) PVT LTD
Bhurmal Ashok Kumar,50-ME Clothing
Chaitanya Decor,6 Color Clothing CO
Deepin Bleaching PVT LTD,7 Horses
Dharamvir Exports,A. And M Creation
Fab Cot Plus,A. Creation
F.C. Synthetics,A. Enterprises
Granth Silk Mills,A. Plani Cut Pies Garments
Hada Fabrics,A1 Look
Hema Dyeing & Printing Mills PVT LTD,A4 Creations
Kaivalya Digihouse Private Limited,A.A. & Sons
Kirat Textiles,A.A. Collection
Krishana Fab,A.A. Trading CO
Ld Cotton Mills,Aabhay Creations
M. Mafatlal,Aadeshwar Enterprises
M. Sanchitkumar,Aadeshwar Garments
Maan Clothing,Aadi Apparels
Maan Textile Industries,Aadi Jinand
Mansi Fashion,Aadi Nath Textiles
Maru & Sons,Aadi Textiles
Mayka Textiles,Aadil Garments
My Cot,Aadya Shakti Creation
Novella Fashion Fabric,Aafan
Nz Seasonal Wear PVT LTD,Aaijee Fashion
Opal,Aainath Textiles
P Mahendra Kumar ( Pimco),Aajanta Textiles
Pratim Uniform,Aakansha Clothing
Premier Polytex,Aakar Garment
Raghav Cotex PVT LTD,Aakarsh
Rajendra Kumar Ranjit Kumar & CO,Aakash Deep Trading CO
Savayavas,Aakriti Fashion
Sayonara,Aalap Apparals
Shah Mukeshkumar Shantilal,Aalif Traders
Shyam Innovations,Aamin Garments
S.S Enterprises,Aangi Creation
Suraj Syntex,Aapni Dukan
Surya Silk Mills,Aar Kay Enterprises
Tat2 Fashions,Aar Kay Synthetics
Tulsi Textiles,Aar Vee Enterprises
V. Hitendra,Aaradhana Syntheticks
,Aarasur Shakti Enterprise
,Aarav Enterprises
,Aarav Fabrics
,Aarav Impex
,Aargee Enterprises
,Aarham Apperells
,Aarif Polyaddi
,Aarna Fab
,Aarohi International
,Aarti Industrees
,Aarti Textile
,Aarush Clothing
,Aarush Collection
,Aaryan Textiles
,Aasha Textiles
,Aashad Garments
,Aashish Apparels
,Aashish Creation
,Aashu Textiles
,Aasif Aqib
,Aasif Bhai
,Aasif Malik
,Aasif Textiles
,Aavran Enterprise
,Aayush Apparels
,Aayush Garment
,Aayush Marketing
,Aayushyamaan Ethnic
,A.B. Creation
,A.B. Tex
,Abba
,Abc Fashions
,Abdual Hak
,Abhi Apparels
,Abhi Creation
,Abhi Enterprise
,Abhi Enterprises
,Abhi Fashions
,Abhi Nandan Fashion
,Abhi Sumat Textiles
,Abhi Sumit
,Abhilasha Marketing
,Abhisekh Textiles
,Abhishek Enterprises
,Abhishek Fashion
,Abir Chand Uttam Chand
,Abishek Appareles
,Abitee Clothing CO
,Abow Clothing
,Abrar Bhai
,Abs Garment
,A.B.S Garments
,Abs Shirt
,Abu Garments
,Abul Bhai
,A.C. Creation
,Accent Clothiers
,Achievers Creation
,Acme Fashion
,Acn Products And Marketing
,Active Clothing
,Active Kids Wear
,A.D. Corporation
,A.D. Textiles
,Adam Associates
,Adam Creation
,Adam Studio
,Adams Boutique
,Add On
,Adeeba Collection
,Adeens Apparels
,Adesh Creation
,Adeshwar Apparels
,Adi Apparels
,Adi Punjab Clothing
,Adinath Impex
,Adinath Textiles
,Adinath Traders
,Adinos Apparels
,Adiraj Fashion
,Aditya Clothing
,Aditya Didwania
,Aditya Fabrics
,Aditya Shirts PVT LTD
,Aditya Uniform
,Admire Fab
,A.D.N. Fabrics
,Adnox Apparles
,Adonish Garments
,Adonish Marketing
,Adreal Enterprises
,Advait Fashion
,Advance Synthetics
,Advitiya Garments
,Aeri Apparel INC
,Aero Fab Clothing
,Aeromen Clothing LLP
,Afans Apparels
,Afsana Fashion
,Afsar Garments
,A.G. Garments
,A.G. Ravi
,Agarwal Apparrels
,Agarwal Cloth Agency
,Agarwal Creation
,Agarwal Fabrics
,Agarwal Fashion
,Agarwal Hand Loom Center
,Agarwal Markiting
,Agarwal Textiles
,Agarwal Traders
,Agarwal Trading Company
,Agrahri Traders
,Agwani Fashions PVT LTD
,Ahinsa Syntex PVT LTD
,Ahmed Textiles
,Ahsan Enterprises
,Ahuja Creation
,Ahuja Trading CO
,Aishwarya Textiles
,Aj Clothing
,A.J. Enterprise
,A.J. Fabrics
,A.J. Fine Fabrics
,A.J. Textiles
,Ajay Apparels
,Ajay Cut Pcs Center
,Ajay Enterprises
,Ajay Fabrics
,Ajay Tex
,Ajit Kumar Nilesh Kumar
,Ajit Trading CO
,Ajv Fabric
,Ajwa Casuals
,A.K. Agency
,A.K. Clothing
,A.K. Collections
,A.K. Enterprise
,A.K. Garments
,A.K. International
,A.K. Jain
,A.K. Sons
,A.K. Textiles
,A.K. Traders
,Akaram Malik
,Akash Trading CO
,Akaylone Synthetics
,Akheelam Export India PVT LTD
,Akhil Tex
,Akira Fashion
,Aksar Enterprise
,Aksh Creation
,Akshar Apparels
,Akshar Kids Ware
,Akshara Enterprises
,Akshat Apparels
,Akshat Enterprises
,Akshay Cotton Mills
,Akshaydeep Textiles PVT LTD
,Alakh Sales Corporation
,Alex Apparels
,Alfa Apparels
,Alfi Apparels
,Ali Creation
,Ali Textiles
,Alif Clothing
,Alime Apparels
,Alioya Creation
,Aliza Garment
,Alka Apparels
,Alka Impex
,Alkesh Textiles
,Alkh Sales
,All Time Garment
,Allen Philipe Clothing
,Alliance Exports
,Allied Apparels Pvd LTD
,Almas Bhai
,Alok Industries Limited
,Alpa Trading CO
,Alpha Fashion
,A.M. Clothing Knitwear
,A.M. Creation
,A.M. Enterprise
,Aman Enterprises
,Aman Fabrics
,Aman Textiles
,Amana Impex
,Amandeep Garments
,Amar Collection
,Amar Deep Overseas
,Amar Nath And Sons
,Amar Textiles
,Amar Trading & CO
,Amardeep Textiles
,Amarjot Traders
,Ambe Enterprises
,Ambesh Textiles
,Ambey Creation
,Ambika Clothing
,Ambika Creation
,Ambika Fashion
,Ambika Garment
,Ambika Garments
,Ambika Junction
,Ambika Synthetics LLP
,Ambika Synthtics
,Ambika Traders
,Amees Global PVT LTD
,Amiiu Creations
,Amin Traders
,Amit Apparels
,Amit Fabrics
,Amit Payal
,Amit Taneja HUF
,Amit Textile
,Amit Textiles
,Amit Traders
,Amita Chadha
,Amogh Impex
,Amol Sales
,Amolk Dash Yogesh Kumar
,Amrit Textiles
,Amritam Exports
,Amrut Fashion
,Amrut Silk Palace
,Amsham Textiles
,A.N. Textiles
,Anand & Sons
,Anand Agency
,Anand Apparels
,Anand Creation
,Anand Fashion
,Anand Krupa Textile
,Anand Sagar Creation
,Anand Sales
,Anand Textiles
,Ananda Silk House
,Anandbhai Yash Creation
,Ananya Fabrics
,Anc Export
,Andee Clothing CO
,Anfaal Clothing
,Angel Enterprise
,Angel Kids Wear
,Angle Textiles
,Anika Fashion
,Aniket Garment
,Anil Enterprises
,Anil Textiles
,Anil Traders
,Anish Enterprise
,Anish India Export
,Anita Textiles
,Anjali Apparels
,Anjali Enterprises
,Anjali Maching
,Anjali Textiles
,Anjani Creation
,Anjani Synthetics
,Anju Shree
,Anju Textiles
,Anju Tibrewala
,Ankit Enterprise
,Ankit Tex India PVT LTD
,Ankit Textiles
,Ankita Apparels
,Ankith Hi-Fashion
,Ankur Textiles
,Ankur Traders
,Anmol Marketings
,Annpurna Apereals LTD
,Anshu Collection
,Anshu Synthetics
,Anu Textiles
,Anugrah International
,Anuj Garments
,Anuj Textiles
,Anup Textiles
,Anupam Brothers
,Anupam Shoppe
,Anurag Mittal
,Any Time Apparels
,Any Time Shirts
,Anytime
,A.P. Brothers
,A.P. Enterprise
,Apee Tax- Fabrics PVT LTD
,Apex Fashion
,Apna Collection
,Apna Textiles
,Apni Dukan
,Apni Dukan Nx
,Apple Apparels
,Apple Garment
,A.R. Apparels
,A.R. Creation
,A.R. Fashion
,A.R. Garments
,A.R. Sons
,A.R. Tex
,A.R. Trading
,Arbuda Clothing
,Archana Traders
,Arctic Finch
,Areeb Clothing
,Arfa Creation
,Arfa Trading & Company
,Arfaa Creation LLP
,Arham Clothing CO
,Arham Creation
,Arham Knit Wear PVT LTD
,Arif Enterprises
,Arif Textile
,Arihant Apparels (R)
,Arihant Clothing
,Arihant Collection
,Arihant Creation
,Arihant Fabrics
,Arihant Fashion
,Arihant Garments
,Arihant Knit Wear
,Arihant Life Style
,Arihant Polycot Fab
,Arihant Sales Corporation
,Arihant Sports & Fashion LLP
,Arihant Synthetics
,Arihant Weaving Mills
,Arihanta
,Arish Textiles
,Aristide Clothing & CO
,Aristo Fab
,Arizone India
,Arjun Fashion
,Arjun Shirts
,Arjun Textiles
,Ark Enterprise
,Arknine Technologies PVT LTD
,Armaan Bhai
,Arora Enterprises
,Arora Fabrics
,Arox Junior
,Arpit Fashion
,Arpitkumar Dharamchand
,Arpudha Clothing India
,Arrow Enterprises
,Arrow Textile
,Arseno Clothing
,Arshdeep Textiles
,Artex Creation
,Artics
,Arun Galhotra & Sons
,Arun Textile
,Arun Textiles
,Arun Trading CO
,Aruna Apparels
,Aruna Enterprises
,Arvind Tex
,Arvindbhai Khatri Sons Designs Private Limited
,Aryan Clothing CO (G)
,Aryan Ethnic Wear
,A.S. Clothing
,A.S. Distributors
,A.S. Enterprises
,A.S. Fabrics
,A.S. Textiles
,Ascent Garment PVT LTD
,Asg Clothing CO
,Asha Bai Tibrewala
,Asha Podar & Dimple Podar
,Asha Shree
,Asha Textile
,Asha Textiles
,Ashapura Creation
,Ashapura Dresses
,Ashapura Enterprise
,Ashapura Enterprises
,Ashapura Textiles
,Asharfi Sales Corporation
,Ashi Textiles
,Ashirwad Traders
,Ashish Apparels
,Ashish Creations
,Ashish Textiles
,Ashmeet Textiles
,Ashok Jeans
,Ashok Kumar & Sons
,Ashok Kumar Pramod Kumar
,Ashok Textiles
,Ashok Vyas
,Ashoka
,Ashokkumar Chandanmal & Sons
,Ashta Vinayak Texsource
,Ashtavinayak Enterprises
,Ashuji Distributor
,Ashvi Enterprises
,Ashvira Fashion PVT LTD
,Ashvira Industries LLP
,Asian Fab
,Asian Trading CO
,A.S.K. Dresses
,Aslam Bhai
,Asm Industries (India) PVT LTD
,Asquare Creation
,Asr Garments
,Atarva Sanskruti
,A.T.C
,Atma Tex Fab
,Attempt Clothing CO
,Attitude Garments
,A.V. Apperals
,A.V. Garment
,A.V Marketing
,Avani Apparels
,Avi Couture Private Limited
,Avi Kids
,Avi Marketing
,Avi Textiles
,Avighnaa Textiles
,Avigna
,Avishek Kumar
,Aviza Global Trading
,Avnish Creation
,Awoc Apparels
,Ayaan Creation
,Ayan Creation
,Ayat
,Ayesha Garments
,Ayush Garment
,Ayush Garments
,Ayush Synthetics
,Azaz Khan
,Azee Fashion (T)
,Azhar Hosiery
,Azonix Apparels PVT LTD
,B. Clothing India
,B. Jignesh & Brothers
,B. Mounten
,B. Sumit Trading CO
,B. Tarun Kumar
,Baba
,Baba Collection
,Baba Enterprise
,Baba Gangaram Textile
,Babaji Collection
,Babu Enterprises
,Babulal Chhaganlal
,Baby Collection
,Bacci Premium
,Bachmay
,Bad Boyz Club
,Badshah Dresses
,Badshah Garment
,Bafna Clothing CO PVT LTD
,Bagwan Marketing
,Baheti & Sons
,Baid Denimax Private Limited
,Bairwa Brothers
,Bajrang Enterprises
,Bajrang Fabrics
,Bajrang Textiles
,Bakliwal Textile
,Bala Fabrics
,Balaji Apparels
,Balaji Arts
,Balaji Clothing
,Balaji Clothing CO
,Balaji Cottons Fab
,Balaji Creation
,Balaji Enterprises
,Balaji Fabrics
,Balaji Fashion
,Balaji Garments
,Balaji International
,Balaji Mens Wear
,Balaji Tex World
,Balaji Traders
,Balaji Trading CO
,Baljeet Kumar & Sons
,Balkrishna Fabrics
,Ballu Garments
,Baloch Clothing
,Bamberry Fashion
,Banarsi Das & CO
,Banarsidas Ashok Kumar
,Banarsidas Sanjaykumar
,Banarsidass Shivshankar
,Banarsidass Shrikishandass
,Banarsidass Vinod Kumar
,Bandhiny Cottage
,Bandhu Garments
,Bang Textiles & Clothing PVT LTD
,Banla Clothing
,Bansal Synthetics
,Bansal Tex Fab PVT LTD
,Bansiwala Cot Fab
,Basant Rayon PVT LTD
,Basant Textiles Mills
,Basantlal Jagdishkumar
,Bases Apparels
,Basic Lines
,Batra Cloth House
,Batra Dreses
,Bawa Fabrics
,B.C. Oswal
,B.C. Textiles
,Beauty Silk
,Beecha Apparels
,Beekalene Fabrics PVT LTD
,Bendict Apparels
,Benzer Garment
,Berasar Textile
,Bescope
,Best Enterprise
,Best Fashion House
,Best Mountain Garments
,Bethan India
,Beyond Fashion
,B.G.D. Clothing Company
,B.G.D. Garments Industries
,Bhadra Kali Clothing
,Bhadrakali Tradelink
,Bhagawanji Kamleshkumar
,Bhagvati Textiles
,Bhagwan Cash N Carry
,Bhagwan Clothing
,Bhagwan Collection
,Bhagwan Marketing
,Bhagwana Textiles
,Bhagwati Cloth Center
,Bhagwati Enterprises
,Bhagwati Store
,Bhagwati Textiles
,Bhagya Laxmi Garment
,Bhagyarathi Garments
,Bhagyoday Textile
,Bhai Javaharsingh Jogindrasingh
,Bhairav Nakoda Clothing
,Bhakti Creation
,Bhaleshwar Das & Sons
,Bhandhu Garment
,Bhansali Cottex
,Bhansali Trendz
,Bharat Bhai
,Bharat Cloth House
,Bharat Cut Pice Center
,Bharat Distributer
,Bharat Enterprises
,Bharat Textiles
,Bharmanis Apparel
,Bharpur Fabrics
,Bharti Apparel
,Bharti Traders
,Bhartiya Vastra Bhandar
,Bhatia Textile
,Bhavesh Ji
,Bhaveshwar Enterprise
,Bhavini Fabrics
,Bhavna Agarwal
,Bhavya Creation
,Bhawani Apparels
,Bhawani Collection
,Bhawani Enterprises
,Bhawani Textiles
,Bhawani Traders
,Bhawani Trading Company
,Bhawar & Bhawar
,Bhawar & CO
,Bhawar Textiles
,Bhawarlal Shantilal
,Bheru Nath Selection
,Bhikshu Creation (N)
,Bhimnath Apparels
,Bholenath Garments
,Bhoomi Impex
,Bhoomi Textiles
,Bhumi Garment
,Bhumi Garments
,Bhumi International
,Bhumi Textiles
,Bhumson
,Bhupesh Kumar Indresh Kumar
,Bhushan Enterprises
,Bhushan Kakade
,Bid Textiles
,Bigman Creation
,Bilasrai Kashinath
,Bilasrai Kashinath LLP
,Bilasrai Vinod Kumar
,Billy Boy International
,Bina Trading CO
,Bindas Apparels PVT LTD
,Bingberry
,Bismi Garment
,Biva Trading CO
,B.K. Sales Corporation
,B.K. Trading Company
,B.L. Rajendra Kumar
,B.L. Trading Company
,Black Box
,Black Out
,Black Sea Creation PVT LTD
,Blackbird Arials Clothing
,Black-X-Clothing
,Blaze Clothing India P. LTD
,Blg Fab
,Bloom Style
,Blue Aires
,Blue Diomond Mens Wear
,Blue N Berry
,Blue Tyga Fashions Private Limited
,Blues Casual
,B.M. Chawla
,B.M. Textile
,B.M.S. Spinners PVT LTD
,Bo Cycles
,Bobby Hosiery
,Bobcat Fabrics
,Bodak Clothing LLP
,Boddy Clothing Apparles PVT LTD
,Bohra Clothing PVT LTD
,Bombay Bluez
,Bombay Collection & Trand Zone
,Bombay Collections
,Bombay Fashion
,Bombay Primera Attire LLP
,Bombay Traders
,Bon Moyar (India) Private Limited
,Bond Tex Silk Mills
,Booshirts
,Bothra & Bothra
,Bothra Kids Wear
,B.R. Bakale & Sons
,B.R. Enterprises
,B.R. Style
,Bradbury Spinning And Weaving Mills LTD
,Brahmani Apparel
,Brand Apparels
,Brand Factory LLP
,Brand House
,Brfl Textiles Private Limited
,Bridgeway Marketing
,Bright Clothing
,British Taylor
,Brooks International
,Brothers Wear
,Brown Sugar Cube
,B.S. Apparels
,B.S. CO
,B.S. Creation
,B.S. Fashion
,B.S. Textiles CO
,B.S. Traders
,B.S.C
,B.T.C
,Bth Global
,B.T.M. Fabrics
,Bulchand Bindumal
,Bunty Fabrics
,Bushra Creation
,Butary Creation
,Bysk Global
,Byw Garments & Hosiery Goods (A)
,Cabinet Shirts
,Caliber Fashions
,Calicut Capital Clothing LLP
,Cameo
,Camo Clothing
,Camrick Fashion Hub
,Canary Appareals PVT LTD
,Canta Four
,Capital Clothing
,Capital Garments
,Care Apparels
,Care Not
,Cash Textiles
,Catmint
,C.B. International
,Cd Smash Garments
,Cee Dee Apparel
,Cee Pee Traders
,Century Apparels
,Ceoul Clothing
,Chabra Enterprics
,Chacko Clothing CO
,Chakravarthy Readymades
,Challenge
,Champa Collection
,Chamunda Garments
,Chamunda Synthetics
,Chanakya Exports
,Chanan Shah Subhashchand Dua
,Chanchal Creation
,Chandak Brothers
,Chandan Creation
,Chandan Impex
,Chandana Brothers Shopping Mall Private Limited
,Chandanmal Champalal& CO
,Chandanmal Sohanlal
,Chandna Brothers
,Chandra Garments
,Chandra Kumar Soni
,Chandra Textile
,Chandraj Marketing
,Chandru Bhai
,Chandu Lal & Sons
,Charbhuia Textile
,Chauhan Distributor
,Chawla Garments
,Cheek Doll Apparels
,Chehak Apparels
,Chellam Creation
,Chessline Apparels PVT LTD
,Chestnut Clothing Company
,Chetna Enterprises
,Chettayees Mens Hub
,Chhabra Over Seas
,Chhabra Textiles
,Chhaganlal Navin Kumar
,Chief Master Shirts
,Chinar Shirt
,Chinar Traders PVT LTD
,Chindhu Metography
,Chinmay Textiles
,Chintamani Product
,Chiraag Clothing
,Chirag Apparels
,Chirag Enterprise
,Chirag Textile
,Chiranjilal Brijlal
,Chiranjilal Mohanlal
,Chisel Clothing
,Chishti Trading CO
,Choubey Industries
,Chowhan Distributors
,Christino Marketing
,Chunilal & Brothers
,Chunnilal Ashok Kumar
,Chur Textiles Limited
,Chutta Garments
,Cinnic Fashions India PVT LTD
,City Plus
,C.J. Clothing CO
,C.K. Creation
,C.K. International
,C.K. Textiles
,C.L. Clothing
,Classic
,Classic Selection
,Classic Textiles
,Clg Collection
,Click Fashions
,Clodz
,Clothing Culture
,Clothing Culture Private Limited
,Clothing Culture Private LTD
,Clothing Innovations LLP
,Clothing Intelligence Agency
,Cloud Exports
,Club In Fashion Studio
,C.M. Clothing
,C.M. Textiles
,Cobb Apparels PVT LTD
,Cocoon Apparels
,Collar Craft
,Color Fabrics
,Colors Apparels
,Colour Plus Tex Fab
,Colours Apparels
,Colours Incorporated
,Cool Dude
,Cool Khakis Mens Fashion
,Cool Kids
,Core Creation
,Cornea Collection
,Cosmo Clothing
,Cosmo Clothing & CO
,Cotton Climate
,Cotton Clothing Company
,Cotton Club Apparels
,Cotton Count
,Cotton Fresh
,Cotton House
,Cotton King PVT LTD
,Cotton Line Shirts LLP
,Cotton World
,Cotton World Associates
,Coyates International
,Crazy Denim Industry LLP
,Crdp Marketing Private Limiteed
,Creative Clothing
,Creative Collection PVT LTD
,Creative Fashion
,Creative Garments
,Creative Lifestyles PVT LTD
,Creative Texfab
,Creeper Sport
,Crescent Apparels
,Crown Industries
,Crown Traders
,Crystal Apparels
,Crystal Cotton Mills
,C.S. Enterprises
,C.S. Enterprse
,C.S. Textiles
,C.S. Textiles PVT LTD
,Cultur Garment
,Custmate
,Cut Pice Sansar
,Cute Teddy Apparels
,Cvc
,Cvc Clothing
,D. And D. Garments
,D. M Apparels
,D. Shrinivasa Textiles
,D. Square Fashion
,D2S Fab
,D4D
,Dadni Fashion
,Daichi Exclusive
,Daizy Fashion
,Damodar Das Marda
,Danaboi Classic LLP
,Daniel Jack Clothing
,Danpati Vastralaya
,Dap Clothing
,Dark Gents And Boys
,Darshan Dresses
,Dashmesh Garment
,Dashmesh Knitfab PVT LTD
,Dask
,Daughters Creations
,Daulatram Sharma
,Dave Collection
,Day Clothing
,Dayaram Bindumal
,Dazzale Apperells
,D.C. Fabrics
,D.C. Tex
,D.C. Textiles Mills PVT LTD
,Dcl Fashion World
,D.D. Apparels
,D.D. Corporation
,D.D. Darzi
,De Pin Exports LLP
,Debtors Tds
,Deccan Fashioners
,Decent Collection
,Deeksha Apparels
,Deep Apparels
,Deep Tex
,Deepak Agency
,Deepak Apparels
,Deepak Textile
,Deepak Textiles
,Deepak Traders
,Deeplaxmi Garments
,Deepti Sawant
,Deer Time Cut & Sew
,Deesonz Fabrics
,Deewanchand And Sons
,Delight Creation
,Denim Hub
,Denim Lab
,Denim Store
,Denim Studio
,Denison Garments PVT LTD
,Denison India
,Denison Shirt
,Dennison Fashion India PVT LTD
,Deo Kishan Nand Kishor
,Design World
,Designer Den
,Desire Creation
,Desire Creations
,Dev Creation
,Dev Enterprises
,Dev Garments
,Dev Kishan Nand Kishor
,Dev Krupa Textiles
,Dev Textiles
,Deval Creation
,Devanshi Creation
,Devender Kumar Nav Ratan
,Devendra Enterprises
,Devika Fabs
,Devraj & Sons Fab PVT LTD
,Devshi Umarji Gindra
,D.G. Fashion Studio
,Dhairya Tex
,Dhan Textiles
,Dhana Export Garments
,Dhanees Creation
,Dhanlaxmi Apparels
,Dhanlaxmi Enterprise
,Dhanlaxmi Fashions
,Dhanlaxmi Trends Private Limited
,Dhanteras Clothing
,Dharam Creation
,Dharma Tex
,Dharmanand & Sons
,Dharmesh Garments
,Dhaval Creation
,Dhaval Enterprise
,Dhawan Apparel Farm
,Dhir Enterprise
,Dhruv Clothings
,Dhruv Creations
,Dhruv Garments
,Dhruv Industries
,Dhruvesh Enterprise
,Dhruvi Apparels
,Dhruvi Enterprises
,Dhurvi Clothing
,Dhyan Creation
,Dhyanam Textile
,Dhyu Fashion
,Dia Tex
,Diamond Apparles
,Dignified Shirts
,Diksha Knitwears Private Limited
,Dil Kush Enterprises
,Dilbad Shah
,Dilip Apparels
,Dilip Bhai
,Dilip Textile
,Dilip Textiles
,Dilip Tibrewala
,Dillo Fashion
,Dillo Fashion PVT LTD
,Dillo Garments Textiles
,Dimple Fabrics
,Dimple Garments
,Dinesh Agarwal
,Dinesh Textiles
,Dipesh Garment
,Dipika Impex
,Disha Enterprises
,Disha Garments
,Divine Creations
,Divya Apperals
,Divya Garment
,Divya Garments
,Divyansh Creation
,Divyesh India
,Divyesh India Cotton Group
,D.J. Enterpris
,D.K. Enterprise
,D.K. Overseas
,D.K. Textiles
,D.M. Fashion
,D.M. Textiles
,D.M. Traders
,D.N. Enterprise
,D.N. Master
,D.N.G
,Dolly Tex
,Dolphin Prints
,Donear Industries LTD
,Doshi Sons
,Dot Export
,D.P. Traders
,D.R. Exports
,D.R. Fabrics
,Drake Clothing CO
,Dream World
,Dress Code
,Drip Fashion
,Drisny Garments
,Drusha Garments
,Dry Water
,D.S. Corporation
,D.S. Enterprises
,D.S. Yuvraaj
,Dugar Trading CO
,Duggal Empex
,Dukul Clothing PVT LTD
,Dulara Garments
,Dulheraja Ethnic
,Dulichand Bhanwar Lal
,Durga Clothing
,Durga Traders
,D.V.D. Deigen Wear
,Dvr Apparels
,Dwarka Creation
,Dwarkadas Omprakash
,Dwarkesh Enterprise
,E. Clothing INC
,E. Effect Garments
,E. &.S. Lifestyles LLP
,Eagle View
,Earth Apparels
,Easy Apparels
,Echo Enterprises
,Eclass Trading CO
,Eclat Globalbiz LLP
,Ecosoc Apparels
,Ecostylecrafts
,Edana Maa Garment
,Edition
,Ekam Shirts
,Ekansh Apparels LLP
,Ekraaj
,Ekta Fabrics
,Ekta Textiles
,Ektaa Arts
,Eleven Kids
,Eleven Shirts
,Elite Clothing
,Elwa Fashion
,Embargo Clothing
,Emjay Clothing
,Emm Kay Apparels
,Empire Appereals PVT LTD
,Empire India Multi Trade PVT LTD
,Empire Silk Weaving Industries
,Empitex Fabrics
,Emran Khan
,Encot Fabrics (P) LTD
,Endee
,Enigma
,Enrich Clothing
,Enrich Clothing INC
,Enrich Creation
,Envy
,Envy Garments
,Epoch Clothing
,Eros Exports
,E.S. Fabrics
,Essa Garments PVT LTD
,Essentials Clothing
,Ester Poovampalli
,Eswari Garments
,Etch Out Fit
,Ethos Elite Garments PVT LTD
,Euro Garments
,Eva Apparels
,Evershine Enterprises
,Excel Kids
,Exim Apparels
,Export House
,F And R Clothing
,F. Company
,F. Cube Apparels
,F& F
,Faab Apparels
,Faazi Fashion
,Fab Clothing
,Fab India Clothing
,Fab Intelligence
,Fab Life Style PVT LTD
,Fabcraft International
,Fabriana
,Fabrico
,Fadde Clothing
,Fair Deal Fabrics
,Fair Trade Lifestyle
,Faisal Kurta
,Fajar Farooq
,Fancy Stores
,Fancy Textiles
,Farheen Garments
,Fashion Art
,Fashion Club
,Fashion Creation
,Fashion Destination
,Fashion Dresses
,Fashion Era
,Fashion Fabrics
,Fashion Factory
,Fashion Flame
,Fashion Forwoad
,Fashion Forword
,Fashion Garage
,Fashion Hub
,Fashion India
,Fashion King
,Fashion King Brands PVT LTD
,Fashion N Fortune
,Fashion Planet
,Fashion Plus Nx
,Fashion Point
,Fashion Ritmo
,Fashion Street
,Fashion Unlimited
,Fashion Villa
,Fashionista Nx
,Fay Walk Fashions
,Fazzi
,F.C.C
,Feather Touch
,Femina Cutpiece
,Fibbres & Weares Ind
,Fine Cloth House
,Fine Club
,Fine Club Clothing
,Fine Collection
,Fine Fab
,Fine Fashion
,Fine Group
,Fine Marketing
,Fine Tex
,Fine Traders
,Fit For Man
,Fitwell Knitwears
,Flag Studio
,Flagship Clothing CO
,Focus Life Style PVT LTD
,Fogg
,Fop Clothing CO
,Foram Enterprises
,Forever Design
,Fortune Corporation
,Four Brothers Apparels PVT LTD
,Four Brothers Clothing CO
,Four Line
,Freedom Textiles
,French Denim
,Fresh Fabrics
,Fresharth Private Limited
,Friends Like You
,Friends Textiles
,Fromy International
,Fulchand & Sons
,Fuleshwar Garments
,Funky Fashion Com
,Furi Fashions INC
,Future A Boys
,Future Creation
,Future Enterprise
,G & G Fabrics
,G 9 Collection
,G. Sachitanand Kalamandir
,G. Selvaraj
,G. Shaan Enterprises
,G. Sons
,G.4 Clothing
,Gaaspa International
,Gaba Apparels PVT LTD
,Gabson Exports PVT LTD
,Gadia Life Style Clothing
,Gagan Garments
,Gagan Textiles
,Gagandeep Singh Grover
,Gala Enterprises
,Galaxy Clothing
,Galaxy Life Style PVT LTD
,Galaxy Wholesaller
,Gally Clothing Company
,Gamine
,Ganapathi Traders
,Gandhi & Sons
,Ganesh Creation
,Ganesh Garments
,Ganesh Silk Mills
,Ganesha Textiles
,Ganesham Creation
,Ganesham Fashion
,Ganga Apparels
,Ganga Selection
,Ganga Textiles
,Gangapur Textile
,Gangs
,Gangs Team
,Gangwal Company
,Ganpati Creation
,Ganpati Electro Craft
,Ganpati Textiles
,Ganpatis
,Ganpatrai Radheshyam
,Garba Textiles
,Garg Brothers
,Garg Yarn
,Gargi Textiles
,Gargya & Sons
,Garment Gallery PVT LTD
,Garment King
,Garment Nation
,Garodia Syntex PVT LTD
,Garodia Syntex PVT LTD (R)
,Garodia Synthetics
,Garvansh Redesign Stitching Solutions PVT LTD
,Gati Fab
,Gaurav Enterprises
,Gaurav Fabrics
,Gaurav Garments
,Gaurav Sachar
,Gaurav Textiles
,Gaurav Tibrewal
,Gaurav Traders
,Gaurav Trading CO
,Gaurishankar Padamchand
,Gaus Fabrics
,Gautam Swami Textiles
,Gautam Textiles
,Gautam Textilex Agency
,Gaya Prasad & Sons
,Gayatri Apparel
,Gayatri Hozari
,Gayatri Impex
,Gayatri Textile
,Gazi Fashion
,G.C. Creation
,G.C. Textiles
,G.C. Trading CO
,Gee Collection
,Gee Dee Collection
,Gee Dee Impex
,Gee Textiles
,Geeta Agency
,Geeta Enterprise
,Geeta Enterprises
,Geeta Garments
,Geetha Apparels
,Gem Clothings
,General Sundry Debtors
,Gentleren Clothing & Accessories PVT LTD
,Get Jeans
,Getup 4 Men
,G.G. Textiles
,G.G.S. International
,G.H. Agencies
,G.H. Textiles
,Ghanshyam Craction
,Gian Chand And Sons
,Giansingh Amriksingh
,Gilwood Fashion PVT LTD
,Ginni Choice Shirts
,Ginni Fashion
,Girdharilal Kewal Chand Jain
,Girdharimal Gemandas
,Giriraj Creation
,Girish Garments
,G.K. Fabrics
,G.L. Jain Button Store PVT LTD
,Glanzier Clothing India LLP
,Global Apparels
,Global Clothing CO
,G.M
,G.M. Creation
,G.M. Fashion
,G.M. Textile
,G.M. Traders
,G.N. Traders
,Gnk Shoppe
,God Gift Center
,Goeal Fab
,Goel Garments
,Goel Poly Fab
,Goel Stuff Clothing PVT LTD
,Goga
,Gokul Garments
,Gold Selection
,Goldy Shirts
,Gomti Vastra Bhandar
,Good Looks
,Good Luck Apparels
,Good Luck Apparles
,Good Will Star
,Gopal Brothers
,Gopal Creation Agency
,Gopal Dass Sarab Dayal
,Gopal Garments
,Gopal Impex
,Gopal Lal Mahesh Chand
,Gopal Sons
,Gopal Traders
,Gopi Synthetics PVT LTD
,Gorishankar Ashok Kumar LLP
,Goswami Enterprise
,Gourav Fashion
,Gouri Enterprise
,Goutam Enterprises
,Goverdhan Fabrics
,Goverdhan Textiles
,Govind
,Govindram Ashok Kumar
,Govindram Lalchand
,Govindram Tanujkumar
,Goyal Cloth House
,Goyal Dresses
,Goyal Synthetics
,Goyal Textiles
,G.P. Export
,G.P. Nampalli
,G.R. Apparels
,G.R. Fab
,Grace Official
,Grace Trading
,Grafick Shirts
,Graft Clothing CO
,Grasp Apparels
,Grateful Apparels Private Limited
,Gravity Clothing Private Limited
,Gravity Creation
,Green Navy Garment
,Grifin Apparels
,G.R.K. Enterprises
,Grover Textile
,Growtix Innovations
,G.S. Apparels
,G.S. Clothing LLP
,G.S. Enterprises
,G.S. INC
,G.S. Mark
,G.S. Textiles
,G.S. Trading CO
,G.T. Creation
,G.T.31
,Guddu Bhai
,Guglani Textiles
,Guide Design
,Guide Dresses
,Gujarat Garments
,Gujrat Apparels
,Gulam Bhai
,Gun Gun Creation
,Gungun Fashion
,Gungun Fashion Hub
,Gunj Clothing
,Gunnu Textiles
,Gupta Fashion PVT LTD
,Gupta Syntex
,Gupta Textiles
,Gurjeet Textiles
,Gurmeet Cloth House
,Gurpreet Traders
,Guru Angad
,Guru Gautam Apparels
,Guru Ji Enterprise
,Guru Ji Enterprises
,Guru Ji Garments
,Guru Kirpa
,Guru Nanak Traders
,Guru Ramdas Textiles
,Guru Tex
,Guru Traders
,Gurudev Marketing
,Gurudev Textile
,Gurukirpa Textile
,Gurukripa Textiles
,Gurukrupa Apparels
,Gurukrupa Creation
,Gurukrupa Spining Weaving Mills
,Gurunanak Creation
,Gururaj Garment
,Gurvinder Singh & CO
,Gvm Enterprise
,Gvm Enterprises
,G.W. Garment
,H. Chandrakant & CO
,H. Pahlani Textile
,H.A. Sardar & Sons
,Haidar Bhai
,Haji Ayisha Clothing CO
,Hal Impex
,Halder & CO
,Half Ticket
,Half Ticket Apparels
,Hamsha Textiles
,Hamson Fabrics
,Handmade
,Hansmukh Garment
,Hansraj & Sons
,Hanuman Textiles
,Hanumant Enterprises
,Harbajansingh & Sons
,Harcharan Das & Sons
,Hardik Textiles
,Hare Krishna Enterprises
,Hari Krupa Enterprises
,Hari Krupa Garment
,Hari Mohan Viren Kumar
,Hari Om Apparels
,Hari Om Collection
,Hari Om Creation
,Hari Om Textiles
,Hari Sales INC
,Harish Garment
,Harish Textile
,Harish Textiles
,Harishchandra Nandkishore
,Harjee Collection
,Harji Collection
,Harmeet Enterprics PVT LTD
,Harnamdass & Sons
,Harolene Silk Mills
,Harper Seven
,Harry Enterprises
,Harry Porter
,Harsh Sales Corporation
,Harsh Trading CO
,Harsh Vardhan Fabrics
,Harshada Enterprises
,Harshil Clothing CO
,Hashtag Clothing LLP
,Hastimal Dilip Kumar
,Hasu Creation
,Havok Clothing
,Havok Kids
,Hawya Kids Wear
,Hayat Marketing
,H.D. Fashion
,H.D. Studio
,Hdr Import Export PVT LTD
,He & Mr. Clothing
,Heartlook Casual
,Heathergrey Collective LLP
,Heaven Clothing
,Heena Garments
,Heena Impex
,Heera Moti Impex
,Heera Panna Shopping Centre
,Heeraji Clothing
,Heeratram Darshanlal
,Hello Master
,Hem Sagar
,Hema Dyeing & Printing Mills Private Limited
,Hema Fab
,Hema Fashion
,Hemadurga Textiles
,Hemant Creation
,Hemant Textiles
,Hemant Trading CO In
,Henit Textile
,Henitkumar Sureshkumar
,Henna Enterprise
,Henny Clothing CO
,Heritage Collection
,Hetal Syntex
,Hevdex
,H.H. Clothing
,H.H. Impex
,Hi Fashion
,Hi Life Style
,Hi Style
,Hi Tide Creation
,Hifaber
,High Fashion
,High Street Clothing LLP
,High Street Fashion
,High Touch Fashion
,Highvogue
,Hilltop Clothing
,Himalaya Jeans
,Himanshu Agarwal
,Himanshu Textiles
,Himansu Brothers
,Hind Cloth Store
,Hinfa Marketing
,Hinglaj Fashion
,Hiramani Fashion
,Hirawat Creation
,Hirdhomal Ramandas
,Hitesh Enterprise..
,Hitesh Kumar Goverdhandas
,Hitesh Textiles
,Hiya Enterprices
,H.K. Enterprises
,H.K. Fabrics Private Limited
,H.K. Fabrics PVT LTD
,H.K. Grover Sons
,H.K. Hosiery Factory
,H.K.S. Apparel
,H.M. Corporation
,H.M. Kasim
,H.M. Shirts
,H.M. Textile
,H.M.V. Creation
,H.N. Textiles
,H.N. Traders
,Hobbit
,Hobit Jns
,Holiday Creation
,Holistic Creations
,Hollywood Outfits
,Honest Garment
,Honey Enterprice
,Hooli
,H.P. Creation
,H.P. Fabrics
,H.P. Textiles
,H.R. Creation
,H.R. Enterprises
,H.R. Jain
,H.R. Sales
,Hrithik Innovation
,Hrt Apparels
,H.T. Crops International
,H.T. Textiles
,Hub
,Hukam Chand Davinder Kumar
,Hukamchand Mohanlal
,Hukumchand Devendrakumar
,Hunk Clothing CO
,Hunk Kids Clothing
,Hunny Textile
,Hussain Garments
,Hustler Club
,H.V. Textiles
,I Clever
,I Dev Enterprises
,I Dev Textile
,I. Style
,I W Textiles
,I Zod Plus
,I.B. Associates
,Ice Fire Clothing CO PVT LTD
,Id Apparels
,I.D. Creation
,I.D. Export
,I.D. Exports
,Ideasnu Exports
,Ignite Clothing
,Igno Garment
,I.K. Textiles
,Ikroop Enterprises
,Ilmeei Export
,Imcotex Apparels Private Limited
,Impact Clothing CO
,Imperial Yarn CO PVT LTD
,Imran Bhai
,Imran Shalimal
,Inder Textiles
,Index 1
,Index 7
,India Commercial CO
,India Fashion
,Indian Apparels
,Indian Creation
,Indian Needle Private Limited
,Indore
,Infiniti Clothing
,Inglish Clothing
,Innovative Clothing
,Innoya Garments
,Intense Fashion
,Invogue
,Iqra Clothing Company
,Irfan Bhai
,Irill Clothing
,Iron Clothing
,Isha Enterprises
,Ishaan Enterprises
,Ishika Enterprises
,Ishwar Garment
,Ishwarbhai M. Patel
,Ismail Dresses
,Issar
,Italiya Impex
,Ithaca Clothing PVT LTD
,Itisha Fashion
,Izak Clothing CO
,J. Clothing CO
,J. Enterprises
,J. Nem Kumar & Company
,Jaagrit Fashion PVT LTD
,Jabbar Bhai
,Jack & Walk
,Jack And Joni LLP
,Jack N Player
,Jack Off Textiles
,Jackleen
,Jag Janani Fashion
,Jagadamba Fashion
,Jagdish & Company
,Jagdish Rai Kewal Krishan
,Jagdishlal Pankajkumar
,Jagrati Textiles
,Jahanvi Creation
,Jai Ambe Enterprises
,Jai Ambe Fabrics
,Jai Ambe Textile
,Jai Ambey Garments
,Jai Ambey Textiles
,Jai Ambey Traders
,Jai Bhagwandas Sushilkumar
,Jai Bhavani Garments
,Jai Bhawani Fab
,Jai Bhawani Fabrics
,Jai Bheru Clothing
,Jai Chamunda Apparel
,Jai Chamunda Clothing
,Jai Ganesh Clothing
,Jai Ganesh Lifestyle
,Jai Hind Garments
,Jai Jagdamba Traders
,Jai Jalaram Garments
,Jai Mata Ji Garments
,Jai Mata Rani Fabrics
,Jai Prasad & Sons
,Jai Shankar Cloth Store
,Jai Shankar CO
,Jai Shree Enterprises
,Jai Textile
,Jai Textiles
,Jai Vaishnavi Collection
,Jaidurga Textile
,Jaiguru Creation
,Jain & Sons
,Jain Brothers
,Jain Creation
,Jain Enterprises
,Jain Fabrics
,Jain Fashions
,Jain Garments
,Jain Hitex Creation PVT LTD
,Jain Impex
,Jain Kids And Garments
,Jain Syntex PVT LTD
,Jain Textiles
,Jain Trading CO
,Jainam Creation
,Jainam Synthics
,Jairam Textiles
,Jairamdas Shreegopal
,Jaishree Synthetics
,Jaj International
,Jak Exim
,Jalaram Creation
,Jalaram Fashion
,Jamit Textiles
,Janak Silk Mills
,Janatha Garments
,Janhavi Creation
,Jani Apparels
,Janki Textiles
,Jansons Industries Limited
,Japan Trading Corporation
,Japleen Enterprises
,Japneet Textiles
,Japp Creation
,Jash Apparels
,Jash Clothing
,Jash Creation
,Javed Hanif Shaikh
,Jawahar Clothing
,Jawahar Singh Kishan Singh
,Jay & Joy
,Jay Ambey Tex
,Jay And Kay Clothing CO
,Jay Apparels
,Jay Bhavani Textiles
,Jay Bhuwal Textiles
,Jay Enterprises
,Jay Jalaram Creation
,Jay Jalaram Garment
,Jay Kay Company
,Jay Maa Traders
,Jay Mahakali Clothing
,Jaya Durga Textiles
,Jayesh Agency
,Jayesh Darbi Collection
,Jayshree Kankani
,J.B. Enterprises
,J.B. Textile
,J.B.R Fabrics
,J.D. Clothing CO
,Jeans Home
,Jebarson Garments
,Jeep Casual Store
,Jeet Textile
,Jenawat Brothers
,Jenifer Fabrics
,Jenil Creation
,Jeya Textiles
,Jeyacharan Industries Private Limited
,J.H. Traders
,Jhanavi Readymade Garments
,Jhanwar Brothers
,Jhawar Brothers
,Jhon Kiwis
,Jhun Jhun Apparels
,Jhunzunu Apparels
,Jia Fashions
,Jigar Emporium
,Jignesh Chandrakant Shah
,Jimmy Garments
,Jindal Apparels
,Jindal Enterprises
,Jiniay Lifestyle CO
,Jinisha Clothing CO
,Jiravala Creation
,Jirawala Jns CO
,Jitaji Enterprises
,Jitmal Rajmal
,Jitu Silk Mills
,Jivarcha India
,Jiyan Enterprise
,J.J. Brothers
,J.J. Garments
,J.K. Apparels .
,J.K. Clothing PVT LTD
,J.K. Corporation
,J.K. Enterprise
,J.K. Enterprises
,J.K Fabrics
,J.K. Textiles
,J.M. Apparels
,J.M. Clothing
,J.M. Creation
,J.M. Enterprise
,J.M. Fashion
,J.M. Selvan Fashion
,J.M. Textiles
,Jmd Clothing CO
,Jmd Trading CO
,Jmd Trexim
,J.M.D. Trrexim
,J.M.D. Udyog
,J.M.K. Trading CO
,J.N. Joy
,Joginder Lal Sanjay Kumar
,Joginder Lal Vijay Kumar
,Jogindra Textile
,John Rich Fashion Fabrics PVT LTD
,John Watson Clothing
,Johny Boy
,Jolly Garments
,Joy & Joy
,Joy Clothing (M)
,Joy Collection
,Joy Namo Knitwear
,Joyti Traders
,J.P. Enterprises
,J.P. Export
,J.P. Exports Trenz
,J.P. Fabrics
,J.P. Garment
,J.P. Swami
,J.P. Traders
,J.S. Apparels
,J.S. Exports
,J.S. Fabrics
,J.S. Fashion
,Jsr Apparels
,J.T. Corporation(M)
,Jugal Kishor Mundra
,Jugal Kishore Manoj Kumar
,Juned Kasmani
,Jupiter Fashion Fabrics
,Just Clothing
,Just Clothing CO
,Just In Fashion
,Just Textiles Limited
,Jwala Creation
,Jwala Garment
,Jyoti Corporation
,Jyoti Traders
,K. Devendra & CO
,K. Disha
,K. Dwarkadas & Sons
,K. Ess International
,K. Krishna Clothing
,K. Manishkumar
,K. Muthukumarasanay Garments
,K P Agencies
,K. P. Lifestyle
,K. Rajesh Kumar
,K. Satish Kumar
,K. Sureshkumar & CO
,K. Tex
,K. Town Nx
,K. Veelon Fashion
,Kaaf Marketing
,Kabra Sales Corporation
,Kadam Creation
,Kadambari Traders
,Kafa Clothing India PVT LTD
,Kafpsa Boys Shirt
,Kahaan Apparels
,Kailash Clothing
,Kailash Enterprises
,Kailash Traders
,Kajal Textile
,Kala Fashion
,Kala Mandir
,Kala Textile
,Kalamek Garments
,Kalpana Textiles
,Kalpatru Impex
,Kalptaru Fashion
,Kalyan Silks Trichur (P) LTD
,Kamadgiri Fashion Limited
,Kamakhya Garments
,Kamal Brothers
,Kamal Cloth Store
,Kamal Clothing
,Kamal Creation
,Kamal Cut Pices Center
,Kamal Garments
,Kamal Synthetics
,Kamal Textiles
,Kamal Traders
,Kamala Apparells
,Kamala Garment
,Kamala Tex
,Kamdhenu Garments
,Kameez Fashion Adicted
,Kamla Trading CO
,Kamlesh Collection
,Kamlesh Textiles
,Kanaiyalal Bhagwandash
,Kanchan Enterprises
,Kanchan Medico
,Kandukuri Industries PVT LTD
,Kanha Fabrics
,Kanhaiyalal Ankit Kumar
,Kanhaiyalal Girish Kumar
,Kanhaiyalal Narayandas
,Kanika Fashion
,Kanika Textiles
,Kankaria Clothing CO
,Kankaria Clothing Company
,Kanku Apparels Jain
,Kanox Creation
,Kanti Corporation
,Kantilal Manoharlal
,Kapadia Clothing CO
,Kapil Export
,Kapil Fashions
,Kapil Trading CO
,Kapila Clothing CO
,Kapila Clothing Company
,Kapok Clothing CO
,Kapoor Chand Tarsem Kumar
,Kapoor Creations
,Karan Apparels
,Karan Clothing
,Karan Enterprises
,Karan Fabrics
,Karani Clothing
,Karani Clothing Private Limited
,Karani Textiles
,Karavali Apparels
,Karina Garment
,Karishma Textiles
,Karma Clothing
,Karma Enterprise
,Karma Mensher
,Karnataka Silk Emporium
,Kartar Fab
,Kartar Singh Rajendra Kumar
,Kartik Creation
,Kashi Collection
,Kashi Jewlars & Colletion
,Kashish Enterprises
,Kashvi Apparels
,Katan Textiles
,Kathuria Enterprises
,Kattar Garments & Textiles
,Kavita Enterprise
,Kavita Textiles
,Kavya Mfg Company
,Kavyansh Creation Private Limited
,Kawar Textiles
,Kay Dee Creation
,Kay Gee Garments
,Kay Veelon Fabrics
,Kaya Clothing
,Kaya Fashion
,Kaycee Fashions Next
,Kayli Clothing CO
,K.B. Apparels
,K.B. Enterprises
,K.B. Fabrics
,K.B. Fashion Fab
,K.B. Garment
,K.B. Garments
,K.B.S. Traders
,K.C. Garment
,K.C. Traders
,K.D. Corporation
,K.D. Creation
,K.D. Enterprise
,K.D. Textiles
,Kedar Fashion Hub
,Kedarnath Vijaykumar
,Kedia Garments
,Keerthana Creations
,Kelly Enterprics
,Kelvin Enterprise
,Kencot Life Style
,Kencot Trandz
,Kenorita Garments Hub
,Kens Clothing CO
,Kento Club Private Limited
,Kesar Clothing
,Kesar Enterprise
,Kesar Garments
,Keshav Creations
,Keshav Garments
,Kesral Enterprics
,Kewal Fashion
,Kewal Kiran Clothing Limited
,Kewal Ram Narayandas
,Kewal Trading CO
,K.G Textile
,K.G. Textiles
,K.H. Enterprise
,Khajana Creation
,Khalique Shekh
,Khandelwal Brothers
,Khodal Creation
,Khodal Fashion
,Khodiyar Krupa Trading Nx
,Khurana Enterprises
,Khurana Textiles
,Khush Trading
,Khushboo Reengusia
,Khushi Apparels
,Khushi Apparels LLP
,Khushi Creation
,Khusmeet Enterprises
,Kicker Casual
,Kickers Casual
,Kiddies Apparels
,Kids Fashion
,Kidz Clothing
,Kidz Fashion
,Kidz Play Clothing
,Killer
,King Garments
,King Impex
,King Maker
,Kings Apparels
,Kinjal Family Shop
,Kins & Teddy Bear Fashion
,Kiomi Fabrics
,Kiran And Company
,Kiran Clothing
,Kiran Creation
,Kiran Enterprises
,Kiran Export
,Kiran International
,Kiran Vastralay
,Kiron Trade Linkers
,Kishanlal Kamal Kishore
,Kishor Cloth Store
,Kishor Kumar Kaku Bhai & CO
,Kishorilal Vijay Kumar
,Kites Clothing
,Kiwis Clothing
,K.J. Trading
,K.K. Arts
,K.K. Creation
,K.K. Designers
,K.K. Enterprises
,K.K. Knitwear
,K.K. Tex
,K.K. Textiles
,K.L. Garment
,K.M. Fashion
,K.M. Shirts
,K.M. Traders CO
,K.M. Trading
,K.N. Textiles
,K.N.F. Clothing CO
,Knitroot India PVT LTD
,Knot Clothing
,Kochar Enterprise
,Kodiya Garments
,Kohinoor Suiting Shirting
,Kohinoor The Garment Hub
,Koins India Clothing PVT LTD
,Komal Enterprises
,Kool Clubs Clothing
,Koshal Textiles
,Kothari Apparels
,Kothari Enterprise
,Kothari Garments
,Kottil India PVT LTD
,Koyash
,Kozmen
,K.P. Arts Fashion PVT LTD
,K.P. Clothing
,K.P. Enterprises
,K.R. Creation
,K.R. Fashion
,Kraag Clothing Comapny
,Kratika Fabrics
,K.R.B. Textiles
,K.R.D. Export PVT LTD
,Krishan Enterprises
,Krishi Textiles
,Krishna Apeareals
,Krishna Apparels
,Krishna Apparles
,Krishna Avtar Ashokkumar
,Krishna Cloth House
,Krishna Clothing
,Krishna Cotton Fab
,Krishna Creation
,Krishna Creations
,Krishna Enterprise
,Krishna Exports
,Krishna Garments
,Krishna Impex
,Krishna Sales
,Krishna Shivam Digitex
,Krishna Textiles
,Krishna Traders
,Krishna Trend
,Krishna Vijay Traders
,Kriti Creations
,Krown Traders
,Krrish Enterprise
,Krsna Fashions
,Krsnafab PVT LTD
,Krupa Textiles
,K.S. Enterprises
,K.S. Fashion
,K.S. Textiles
,Kshitij Yadav
,Ksp Stylefits
,K.T. Agency
,K.T. Fabrics
,Kuber Agency
,Kuber Garment Nx
,Kuber Textiles
,Kukreja Textiles
,Kulsum Garments
,Kumar Brothers
,Kumar Collection
,Kumar Creation
,Kumar Garments
,Kumar Synthetices
,Kunal Textiles
,Kunan Enterprics
,Kundan Textiles
,Kundu Fashion
,Kunj Apparels
,Kunwar Sen Piyushkumar
,Kush Collection
,Kushal Enterprise
,Kushal Textiles
,Kushboo International
,Kusuma Laxmiah & CO
,K.V. Enterprise
,K.V. Production House
,K.V.R. Fashion
,Kwality Textiles
,L. Export
,L. Seven Marketing
,La Turin Textiles
,Labase Shirts
,Labdhi Apparels
,Labroz Fashion PVT LTD
,Labroz International
,Ladharam Jethanand CO
,Lak
,Lakhan Textiles
,Lakhdatar Creation
,Laksh Enterprise
,Lakshmi Fashion
,Lala Pishorilal & Sons
,Lalchand Chhotamal
,Lalit Kala
,Lalit Textile & Traders
,Lalpotu Collection
,Lalwani Overseas
,Lambodar Creation
,Lamoria Enterprises
,Laurel Clothing Company
,Laurel Shirts
,Laxman Trading CO
,Laxmandas Kishanchand
,Laxmi & Sons
,Laxmi Apparels
,Laxmi Creation
,Laxmi Deep Apparels
,Laxmi Devi Exports
,Laxmi Dresses
,Laxmi Enterprise
,Laxmi Enterprises
,Laxmi Garments
,Laxmi Synthetics
,Laxmi Textile
,Laxmi Textiles
,Laxmi Traders
,Laxmichand Lalchand
,Laxmikant M Tibrewala
,Laxminarayan Rajaram
,Layca Sports
,Lazzaro Fabrics
,L.D Cotton Mills
,L.D. Silk Mills
,Lee Wings
,Lee-4
,Leen Marketing
,Leena Garments
,Legacy
,Leizio Ventures
,Lemon Apparels
,Leonard Holdings Trading PVT LTD
,Lested Knitfab (P) LTD
,Leves Smart Casual
,Lexel Creation
,Lexicon Fashion
,L.G. Trading
,L.G.W. Clothing CO
,L.H. Chandrakant & CO
,Libbas
,Life Style
,Limos
,Limra Dresses
,Limrah Apparels
,Limrah Fashion
,Linen Line
,Linga Ing
,Lingam Dresses
,Little Master
,Live Plus Garments
,L.J. Clothing Company
,L.K. Apparels
,L.K. Porwal
,L.K. Synthetics
,Lock
,Login
,Logo Clothing
,Lokesh Textiles
,London Classic
,London Fox Apparels
,London Street
,Look Right
,Looks Collection
,Looks Creation
,Lord Shiva Enterprises
,Lotusse Lifestyles
,Love Tatoos
,Lovely Collection
,Lovely Garments
,Lovely Wears
,L.P. Clothing CO
,L.S.D. Life Style PVT LTD
,Lucky Corporation
,Lucky Textile
,Luis Martin
,Lush Shirts
,Luthara Cloth Store
,Luthra Textiles
,M 20 M
,M. Anhas Sardar
,M. Clothing
,M. Mahendrakumar & CO
,M. Mitesh Apparels
,M. Murugesa Mudaliar & Sons
,M. Naresh Kumar
,M. Sandeepkumar
,M. Shree Traders
,M. Zup Textile PVT LTD
,M3 Garments
,M8
,M.A. Brothers
,M.A. Hoshiery Industries
,M.A. Sons
,Maa Kali Enterprises
,Maa Karni Enterprises
,Maa Khodiyar Garments
,Maa Kiran Creation
,Maa Padmawati Apparels
,Maa Sharda Creation
,Maa Sri Aashapura Fashions
,Maa Textile
,Maa Vaishnavi Enterprises
,Maarvis Crafts
,Maasha Garments-Textiles
,Maavi Clothing
,Maaz Fashion
,Machinggo Com
,Madan Mohan
,Madan Textiles
,Madanji Enterprises
,Madanlal Agarwal
,Madanlal Shriniwas And Company
,Madhav And Company
,Madhav Enterprises
,Madhav Garments
,Madhavi Textiles
,Madhu Fab
,Madhu Trading CO
,Madhukar Fabrics
,Madhur Bros
,Madhur Traders
,Madhuvan Garments
,Madhya Bharat Handloom
,Madnani Garments(M)
,Madness Fashion
,Madras Apparels
,Madras Clothing Company
,Mafatlal Creation
,Mafatlal Fab Tex
,Mafatlal Textiles
,Mafatlals Creation
,Mafia Fashion
,Magadh
,Magnet
,Magnet Hi Fabric
,Mahabala Textiles
,Mahadev Apparel
,Mahadev Creation
,Mahadev Enterprise
,Mahadev Fabries
,Mahajan Clothing CO
,Mahajan Cut Pies Centre
,Mahakal Traders
,Mahakali Apparels
,Mahakali Silk Mills
,Mahalaxmi Apparels
,Mahalaxmi Cotton Club
,Mahalaxmi Export
,Mahalaxmi Fabrics
,Mahalaxmi Garments
,Mahalaxmi Traders
,Mahalaxmi Trading CO
,Mahalaxmi Trading Company
,Mahamantra Creation
,Mahapragya Creations
,Mahaveer Apparels
,Mahaveer Clothing
,Mahaveer Creation
,Mahaveer Cut Picse Centre
,Mahaveer Cut Piece Centre
,Mahaveer Enterprises
,Mahaveer Fabrics
,Mahaveer Fashion
,Mahaveer Garment
,Mahaveer Synthetics
,Mahaveer Textiles
,Mahavir Agency
,Mahavir Appreals
,Mahavir Collection
,Mahavir Impex
,Mahavir Stores
,Mahek Textile
,Mahendra Apparels
,Mahendra Bhai
,Mahendra Ji Knit Wear
,Mahendra Kumar & CO
,Mahendra Textiles
,Mahendru Tex Fab
,Maherin Garments
,Mahesh Apparels
,Mahesh Brothers
,Mahesh Chand Sunil Kumar
,Mahesh Garments
,Mahesh Impexs
,Mahesh Kumar Tantia HUF
,Mahesh Textiles
,Mahesh Traders
,Maheshwari Creation
,Maheshwari Enterprises
,Maheshwari Textiles
,Maheshwari Traders
,Mahi Creation
,Mahi Fashion
,Mahipal Enterprises
,Maina Distributors
,Majisa Garment
,Makhanlal Gulab Roy
,Makhansing Gurucharansing
,Makkar Textiles Agency
,Malasi Creation
,Males Apparels
,Malik Soharat & CO
,Malik Surat
,Mallika International
,Mamal Clothing
,Mamanchand Sons
,Mamoc Fashion LLP
,Mamta Garment
,Mamta Hosiery
,Mamta Textile
,Mamta Textiles
,Man And Moda Garments
,Manali Synthetics
,Manan Apparels
,Manan Creation
,Manan Fabrics
,Manas Enterprise
,Manav Sachdev
,Manavat Creations
,Mandani Garments
,Mandhyan Garment
,Mangal Cloth Syndicate
,Mangal Enterprises
,Mangal Jyothi Readymades
,Mangal Shree Creation
,Mangal Trading CO
,Mangalam Garment
,Mangaldeep
,Mangatram & Sons
,Mangla Apparels India PVT LTD
,Manglam Creation
,Manglik Fashion
,Mango Shirts
,Manhar Clothing
,Mani Creation
,Manibhadra Creation (J)
,Manibhadra Fashion Studio
,Manibhadra Syn Fab
,Manidhari Garments
,Manik Store
,Manikchand S. Kothari
,Manish Bhai
,Manish Enterprises
,Manish Textiles
,Manisha Textiles
,Manjamalai Collections
,Manju Fabrics
,Manju Textiles
,Manline Fashion Industries LLP
,Manmohan Textiles
,Mannan Apparels
,Mannat Ethnic Wear
,Mannat Studio Line
,Mannat Textiles
,Mannu Sehgal
,Manohar High Fabrics
,Manohar Kumar & CO
,Manoharlal Narendrakumar
,Manoj
,Manoj Cotton Club
,Manoj Cotton House
,Manoj Creation
,Manoj Enterprises
,Manoj Fab
,Manoj High Fashion PVT LTD
,Manoj Marketing
,Manoj Sales Corporation
,Manoj Tex
,Manoj Textiles
,Manpreet Textiles
,Mans Q Clothing CO
,Mans Textile
,Mansi Creation
,Mansi Enterprises
,Mansi Fashion Fabric
,Mansi Syntex
,Mansi Traders
,Mansukh Enterprics
,Mansukh International
,Manthan Enterprises
,Mantra Apparels
,Manu Textile
,Manu Traders
,Manya Enterprises
,Manzova Clothing CO LLP
,Marine Line Fashion
,Maro Swag Fashion PVT LTD
,Marq In Clothing CO
,Marquis Clothing
,Mars Machine
,Maru And Sons
,Marudhara Textiles
,Maruthi Enterprises
,Maruti Creation
,Maruti Enterprise
,Maruti Fab
,Maruti Garments
,Maruti Impex
,Maruti Syn Fab PVT LTD
,Maruti Trading
,Marx Fashion
,Maskan Creations
,Master Salman
,Mataji Agency
,Mataji Garments
,Mateshree Collection
,Mathaji Hi Fashion
,Mathew Garments
,Matoshree Enterprics
,Matrix Corporation
,Matushree Apparels
,Maurya Fashion
,Mawya Apparles
,Max Clothing
,Max Cool Feel
,Max India
,Maxell Silk Mills
,Maxen Apparels
,Mayank Enterprises
,Mayank Garments
,Mayooram Textiles
,Mayra Fashion
,Mayur Agencies
,Mayur Agency
,Mayur Jain
,Mayur Textile
,Mayura Textiles
,Mayuresh Enterprises
,Mayyank Enterprises
,M.B. Over Seas
,M.B. Sales Corporation
,M.B.A. Garments
,M.C. Apparels
,M.D. Ali
,M.D. Enterprices
,M.D.A. Sales CO
,M.D.S
,Meccaby Clothing
,Meeko Fashion
,Meenakshi International
,Meet Enterprises
,Mega Fashion
,Megamind Enterprises
,Megh Maalini
,Megha Clothing
,Megha Dress
,Megha Dresses
,Megha Fashions
,Meghavi Creation
,Meghna Synthetics
,Meghraj Basantlal
,Megraja Fabrics
,Mehar Textiles
,Mehta & Mehta
,Mehta Clothing CO
,Mehta Fashion
,Mehul Clothing
,Melon Thread Collective
,Memon Colection
,Memon Collection
,Mens Club
,Mens Face Garments
,Mens Fashion
,Mens Wears
,Menson Creation
,Mentone Clothing
,Menz Fashions
,Menz-O- Clothing
,Meph INC
,Mercey
,Meridian Clothing CO PVT LTD
,Merina Dresses
,Merton
,Meruth Hand Loom
,Messi Enterprise
,Metro Apparels
,Metro Fashion
,Metro Garment
,Metro Garments
,Mewoki
,Mexican Exporters & Importers
,Mexico The Fashion World
,Mezzara Clothing CO
,Mezzo Apparels PVT LTD
,Mezzo Ventures
,M.F. Fashion
,M.G. Enterprise
,M.G. Enterprises
,M.G. Fashions
,Micro Fine Clothing
,Micron Synthetics
,M.I.D. Garments
,Midas Touch
,Miglani Enterprises
,Mihika Enterprise
,Milan Creations
,Milan Fabrics
,Milan Textiles
,Milanto Lifestyle
,Mina Collection
,Mina Garments
,Minaxi Fabrics
,Minor Wear
,Mit Creation
,Mittal & CO
,Mittal Clothing CO
,Mittal Garments
,Mittal Textiles
,Mitva Fabrics PVT LTD
,Mivaan Clothing
,M.J. Creation
,M.J. Traders
,M.K. Clothing CO
,M.K. Enterprise
,M.K. Garments
,M.K. Life Style
,M.K. Marketing
,M.K. Textiles
,Mks Textile Fashions
,M.L. Fashion
,M.L. Textiles
,M.M. & CO
,M.M. Corporation
,Mm Fab
,M.M. Fab Cloth Work Shop
,M.M. Fabrics
,M.M. Trading CO
,M.N. Fabrics
,M.N. Fabrics LLP
,Mocca
,Mod Creation
,Mod Nxt
,Modco International
,Modeqs Fashiion Wear
,Modern Collections
,Modern Distributors
,Modern Fab
,Modern Garments
,Modern Textiles
,Modi Apparels
,Modi Creation
,Modi Exports
,Mofi Company
,Mohak Creation
,Mohammad Alam
,Mohammad Jafar And Company
,Mohan Syndicate
,Mohanlal Dharmchand
,Mohanlal Murarilal
,Moharalal Rajeshkumar
,Mohata Synthetics
,Mohin Khan
,Mohit Cloth Store
,Mohit Fashion
,Mohit Synthatics
,Mohit Textiles
,Mojilal Dalsingh Agarwal
,Moksh Apparels
,Mona Enterprises
,Monalisa Enterprise
,Monalisa For Means
,Monga Garments
,Monga Synthetics PVT LTD
,Monga Textiles
,Monika Textiles
,Montex Fab
,Montex India
,Montoz Fashion
,Monty Textiles
,Montzo Fashion
,Monu Textiles
,Mool Prem & CO
,Moolchand Chabildas
,Moolchand Chhabil Dass
,Moolchand Impex
,Moond Garments
,Mor Salim
,Morden Textiles
,Morya Apparels & Textile India PVT LTD
,Moscco Raiments
,Moti Fashions
,Motiramsao Mahadeosao Thumse & CO
,Motwani Clothing CO
,Mount Clothing
,Mount Commercials
,Mountain Junior
,Mounty Garments
,M.P. Cash N Carry
,M.P. Clothing
,M.P. Garments
,M.R. Creation
,Mr. Design House
,M.R. Fabrics Ranchi Private Limited
,Mr. Fogg
,M.R. Garment
,M.R. Sales
,M.R. Shirts
,M.R. Silk Mills
,M.R. Syntex
,M.R. Traders
,Mr.R.K. Singhal
,M.S. Clothing
,M.S. Clothing CO
,M.S. Enterprise
,Ms Export
,M.S. Garments
,M.S. Textiles
,M.S. Trading CO
,Much More
,Mudo Fashion PVT LTD
,Mudra Clothing
,Mudra Clothing Company
,Mudra Fashion
,Muds Casuals
,Mukan Clothing CO
,Mukand Lal Nand Lal
,Mukatmani Synthetics
,Mukesh Cash & Carry
,Mukesh Creation
,Mukesh Distributer
,Mukesh Fab Tex
,Mukesh Gala
,Mukesh Garment
,Mukesh Textiles
,Mukesh Traders CO
,Mukeshkumar Tantia HUF
,Mukhilish
,Mukul Textiles
,Mukund Clothing
,Mukund Textile Mills
,Mulberry Street
,Multi Creation
,Muralidhar Chuharmal
,Museebat
,Musk Garments
,Muskan Fabrics
,Muskan Syntex
,Must Clothing
,Mv Associates
,M.V.M. Clothing
,My Fabb Creations
,My First Choice
,My Self Enterprises
,My Son
,Myrrah Creation
,N 8 Garments
,N. Babulal
,N Margi Textile Agency
,N. Remaldas & Sons
,N9 International LLP
,Naaz Trading
,Nachias Fashion PVT LTD
,Nagina Garment
,Nagpal Textile & Garments
,Nahar Textiles PVT LTD
,Nakoda Collection
,Nakoda Creation
,Nakoda Garment
,Namah Sourcing
,Naman Clothing
,Naman Creation
,Naman Textiles
,Namdev Garment
,Namit Enterprises
,Namo Apparels
,Namo Clothing
,Nand Laxmi Textiles
,Nanda Collection
,Nandini Garments
,Nandraj Silk Mills
,Nanni Creation
,Narang Traders
,Narayan & CO
,Narayan Ram Patel
,Narayan Sharma
,Narayan Textiles
,Narayandas Ghanshyamdas
,Narayanee Textile
,Narendra Kumar & CO
,Narendra Rathi
,Narendrakumar Jethmal And Bros
,Naresh & CO
,Naresh Textiles
,Naresh Traders
,Nariman Synthetics PVT LTD
,Narsing Enterprises
,Narsing Selection
,Narsingh Hosiery Mills
,Nathumal Vasudev
,National Garments
,Natural Fab
,Nav Bharat Textiles
,Nav Durga Sales PVT LTD
,Navdurga Agencies
,Navdurga Apparels
,Naved International
,Naveen Kumar Lokesh Kumar
,Naveen Silk Mills
,Naveen Traders
,Naveens Nx
,Navin Apparels PVT LTD
,Navin Garments
,Navin Textiles
,Navinchand & CO
,Navinchandra Sampatraj
,Navjot Garments
,Navkar Apparels
,Navkar Enterprise
,Navkar Exports
,Navkar Synthetics
,Navrang Dresses
,Navrang Garments
,Navy Industries
,Navya Creation
,Navya Fabrics
,Naya Creation
,Nayan Cotton India
,Nayan Textiles
,N.B. Garment
,N.B. Textile
,N.B. Trading
,Nbt Clothing PVT LTD
,N.C. Corporation
,N.C.B. International
,N.D. Creation
,Near Old Madhuram Cinema-
,Needle Eye
,Neelam Fab
,Neelkanth Garments
,Neelkanth Sales
,Neethi Apparels
,Neha Creation
,Neha Fashions
,Neha Textiles
,Nemichand Sultansing
,Nemisons Apparels
,Neni Apereals
,Neon Chilli
,Neon Plus
,Network
,New Ambika Apparels
,New Bharat Trading Company
,New Blend Textile Mills (P) LTD
,New Cotton Collection
,New Debonair
,New Diya Enterprises
,New Generation Clothing Company
,New Gotawala Traders
,New Guy
,New India Cut Pies House
,New Kenzo
,New Khandwala Garments
,New Lalan Garments
,New Leaf Clothing
,New Look Fashion
,New Lyallpur Cloth House
,New Mahaveer Textiles
,New Maruti Apparels
,New Point Traders
,New Ravechi Enterprises
,New R.K. Textile
,New Road Apparels
,New Roads Fashion
,New Shree Ram Store
,New Sind Cloth Syndicate
,New Swastik International
,New Sweety Collections
,New Trishul Enterprises
,New Varsi Collection
,New Varsi Com
,New Zeel Fashion Wear P. LTD
,Nexa Clothing
,Nexon Omniverse Limited
,Next Clothing
,Next Run
,Next Steps
,N.F. Exports
,N.G. Garments
,N.H. Fashion India
,N.H. Garments
,N.I. Textiles
,Nice Creation
,Nice Fashion
,Nice Tailor
,Nice Way Collection
,Nicky Fashion
,Nidhi Garment
,Nihalchand Harnamdas & CO
,Nijanand Clothing
,Nikansh Enterprises
,Nikhat Enterprises
,Nikul Garment
,Nikunj Textile
,Nilesh Fab
,Niraj Garments
,Nirban Cutpic
,Nirmal Sales Corporation
,Nirmala Textiles
,Nisha Creation
,Nisha Textiles
,Nishant International
,Nishi Enterprise
,Nishi Selection
,Nishit Fashion
,Nishka Enterprises
,Nishtha Sales
,Nitesh Enterprise
,Niti Fashion Private Limited
,Nitin Enterprise
,Nitin Garments
,Nitin Kumar
,Nitin Synthetics
,Nitu Sales Agencies
,Nitya Vallabh Tex Fab
,Nivritti Cloth House
,N.J. Company
,N.J. Tex
,N.J.M. Textile
,N.K. Dresses
,N.K. Enterprise
,N.K. Fab
,N.K. Fashion
,N.K. Garment
,N.K. Marketing
,N.K. Textiles
,N.M. Cotton
,N.M. International
,No Vice Traders
,Noja Textile
,Nomad
,Noor Fabrics
,Noor Garments
,Noor Textiles
,Noori Cutpiece
,Noori Garments
,North Bliss
,North Clothing
,Northern Harrier Lifestyles Private
,Nostrum Fashion Private Limited
,Nova Fabrics
,Nova Garments
,Novelty Dresses
,Noy Garments
,N.P. Textiles Agency
,N.P.K. Apparels
,N.R Dresses
,N.S. Apparels
,N.S. Traders
,N.S.M. Apparels
,Nushka Dezigner
,Nutan Apparels
,Nutan Apparels LLP
,Nutan Textile
,N.V. Exports
,Nvahan Textile Private Limited
,Nvs Hi Life
,N.V.S. High Life
,Nxt Clothing
,Nyara Apparels
,Oasis Clothing & CO
,Oberoi Mart
,Obtain Jins
,Odel International
,Okapi
,Old Hanuman Lane
,Olive Tex Silk Mills Private Limited
,Olive Tex Silk Mills PVT LTD
,Om Apparels
,Om Arihant Textile
,Om Clothing
,Om Designer
,Om Fabrics
,Om Ganesh Textiles
,Om Hri Om
,Om Prakash Anil Kumar
,Om Prakash Ashok Kumar
,Om Sai Garments
,Om Sai Kripa Apparels
,Om Sai Ram Garments
,Om Sai Shirts
,Om Sai Textiles
,Om Shankar Kapad Daily Servise
,Om Shanti Enterprises
,Om Shirt
,Om Shiv Traders
,Om Textiles
,Om Tirumala Fabrics
,Om Vardan Apparels
,Omkar Creation
,Omkar Enterprises
,Omkar Fashion
,On Line Garment
,One Maruti
,Online Fashion India (S)
,Online Lifestyle India LLP
,Online Marketing
,Only Gami
,Onyx Fashion
,Onzone Clothing Company
,Opal Fashions LLP
,Open Fashion Clothing
,Open Fashion Textiles
,Orange
,Orange Clothing CO
,Orange Silk Mills
,Orchid Clothing..
,Orchid Junior
,Orion Fashion
,Orson Cotton & Silk Mills PVT LTD
,Oscar International
,O.S.K. Creations
,O.S.K. Garments
,Oswal Garments
,Oswal Synthetics
,Oswal Trexim PVT LTD
,Oto Traders
,Otto Cloth House
,Otto Clothing PVT LTD
,Outline Studio
,Ovartake
,Owl Clothing
,Oxfort England
,Oxico Clothing
,Oxter Clothing
,Ozofab Apparel
,Ozone House
,P. Kishor Kumar
,P. Mahendra And CO
,P. Mahendra Kumar & CO
,P. Siddharth Creation PVT LTD
,P. Tex
,Pacific Apparel
,Pacific Apparels
,Padam Fashions
,Padam Textiles
,Padma Enetrprises
,Padmavati Enterprise
,Padmavati Fab
,Padmavati Fabrics
,Padmavati Textiles
,Paduka Foot Wear
,Pahlaj Laxmandas Kukreja HUF
,Pahuja Fabrics
,Pahuja Textiles
,Pakeeza
,Pakshal Marketing
,Pal Fashion Private Limited
,Pal Fashions PVT LTD
,Palak Enterprics
,Palani Andavar Textiles
,Paliwal Traders
,Pana Kid Fashion Factory
,Pancharatan Traders
,Panchratna Traders
,Pankaj Kumar
,Pankaj S Fashion
,Pankaj Textiles
,Pappai Kids
,Parampara
,Parampara Mens Wear
,Paras Annex
,Paras Apparels
,Paras Collection
,Paras Enterprises
,Paras Ram & Sons
,Parash Fashion
,Parasnath Creation
,Parasram Babulal
,Parasram Ghanshyamdas & Sons
,Parasram Hunamal & CO
,Parasram Manishkumar
,Parasram Pradeepkumar
,Parasram Satishkumar
,Parekh & CO
,Parekh Distributors
,Pari Enterprise
,Pari Style Wear
,Paridhaan Garments
,Paridhan Apparels
,Parihar Textiles
,Parisha Fashion
,Parmar Textiles
,Parshawnath Sales Corporation
,Parshva Distributors PVT LTD
,Parshva Traders
,Parshwa
,Parshwa Creation
,Parshwanath Apparels
,Parshwaraj Marketing
,Parso Lifestyle
,Parth Apparels
,Parth International PVT LTD
,Parthkumar Parmar
,Parul Creation
,Parv Creation
,Parvati Enterprics
,Parvati Textiles
,Paryaldas Kishandas
,Passi Knitwears
,Passion Apparels
,Password
,Patel Clothing
,Patel Enterprises
,Patel Garments
,Patel Jeans Wears
,Patni Traders
,Paul Wholesale
,Paushakh
,Pavan Pratik
,Pavino Session
,Pavra Clothing Private Limited
,Pawan Creation
,Pawan Deep
,Pawan Enterprises
,Pawan Sale Corporation
,Pawan Textiles
,Payal Garments
,Payal Kids Wear
,P.C. Creation
,Pearl Associates
,Pearl Creation
,Pee Ess Enterprises
,Pee Kay Clothing
,Pee Texfab INC
,Pelee Apparel INC
,Peradise Adhunik Vastra
,Perfect Concern
,Perfect Traders
,Peter Tylor Clothing
,P.G. Enterprise
,Phoenix Clothing CO
,Picaso Enterprises
,Pik Big Com
,Pilani Impex
,Pink City Fashion
,Pinky Textiles
,Pioneer Corporation
,Pitch Black Menzwear
,Piyush Apparels
,P.J. Creation
,P.K. Clothing
,P.K. Creation
,P.K. Garment
,P.K. Garments
,P.K. Impex
,Planet Vogster
,Playlist
,Playoff Clothing Concepts
,Plazzio Clothing
,Plus Clothing
,P.M. Creation
,P.M. Tex
,Pocket Money Fashion PVT LTD
,Pommys Garment India PVT LTD
,Ponmaalyaas Kids Fashion
,Pooja Apparels
,Pooja Clothing
,Pooja Enterprises
,Pooja Fabrics
,Pooja Fashion
,Pooja Synthetics
,Poojan Apparel
,Poonam Cloth Store
,Poonam Saree Center
,Poonam Textiles
,Popular Garments
,Posh Avenue
,Positive Apparels
,Positive Clothing CO
,Powdrob
,Power Jeans Mens Ware
,P.P
,P.P. Fabrics
,P.P. Fashion
,P.P. International
,P.P. Syndicate
,Pr Expo Tradelink LLP
,P.R. Textiles
,Prabhu Garment
,Prachi Enterprises
,Pradeep & CO
,Pradeep Kumar & CO
,Pradeep Sales Corporation
,Pradeep Textile
,Pragati Apparel
,Pragya Impex
,Prakash Appareals
,Prakash Kumar
,Prakash Redimed Stores
,Prakash Synthetics
,Prakash Textile Agency
,Prakash Trading
,Prakashchand Omprakash
,Praman Enterprises
,Pramod Textiles
,Pranav Textiles
,Pranay Creation
,Prarambh Clothing
,Prasad
,Prasant Creation
,Prassnna Fashion
,Pratabchand Prakashchand
,Prateek Silk Mills
,Pratham Fashion Creators
,Pratham Textiles
,Pratham Trend Hut
,Prathmesh
,Pratibha Fabrics
,Pratik Fab
,Praveen Apparals
,Praveen International
,Praveen Textiles
,Pravesh Enterprises
,Pree And Kree Garments
,Prem Chand Roop Chand
,Prem Clothing
,Prem International
,Prem Prakash Garment
,Prem Prateek
,Prem Singh And Sons
,Prem Singh Surjeet Singh
,Prem Sons
,Premier Apparels
,Premier Fashion International PVT
,Premier Fashion PVT LTD
,Premraj Creative Garment
,President Garment
,President Garments
,Presons Creation PVT LTD
,Pride Fabrics PVT LTD
,Pride Hotels Limited
,Priemere Apparels
,Prime Creation
,Prime Life Clothing LLP
,Prime Path Exim
,Prime Tone Fabrics Enterprises
,Prince Collection
,Prince Dresses
,Prince Enterprise
,Prince Textiles
,Prince Trading CO
,Pripi Textile
,Prisha Enterprises
,Prithvi
,Prithvi Gupta
,Priti Textiles
,Privo Impex
,Priya Creation
,Priya Fabrication
,Priya Fabrics
,Priya Textiles
,Priyal Garments
,Priyanka Synthetics
,Proend Enterprises
,Promise Kids
,P.S Clothing
,P.S. Kailash Chandra
,Psp Enterprises
,Psyna Tex
,Ptc Clothing INC
,Punam Chand Pradip Kumar
,Puneet Apparels PVT LTD
,Puneet Textiles
,Punit Apeals PVT LTD
,Punjab Shuiting Shirting
,Purshottam Das Ashok Kumar
,Purushottam Das Ganesh Narain
,Purvi Creation
,Pushp Vatika Apparels
,Pushpa Apparels
,Pushpsagar Textiles
,P.V. Vijay
,Pvk Dresses
,Pvp Fashion
,Qmax Fashion PVT LTD
,Qmax Synthetics PVT LTD
,Qmax Textile Mills LLP
,Queens Boutique
,R. And K. Infra
,R. Group Innovation
,R. Piyarelall PVT LTD
,R. Square
,R. Wings Fashion House
,R.A. Enterprises
,R.A. Men World
,R.A. Tex
,Raapchik Clothing
,Raas India
,Raavi Knitwears
,Race Boy
,Rachana Udyog Exports PVT LTD
,Racherla Garment PVT LTD
,Rachit Collection
,Rachit Enterprises
,Radha Krishna
,Radha Krishna Exports
,Radha Krishna Garment
,Radha Mani Exports Private Limited
,Radha Marketing
,Radha Raman Collection
,Radha Textiles
,Radhe Enterprise
,Radhe Krishna Fashion
,Radhe Laxmi Poly Yarn PVT LTD
,Radheshyam Rajkumar
,Radheshyam Ramesh Kumar
,Radheshyam Textiles
,Radhey Radhey Fabrics
,Radhey Radhey Garments
,Radhika Textiles
,Radium Textile Industries
,Rads Man
,Rag Boys
,Raghav Agency
,Raghav International
,Raghav Textiles
,Raghav Tibrewal
,Raghu Creation
,Raghuveer Enterprises
,Rahi Garment
,Rahim Bhai
,Rahman Innovation PVT LTD
,Rahman International
,Rahman Textile
,Rahul
,Rahul Apparels
,Rahul Creation
,Rahul Enterprises
,Rahul Siddharth
,Rahul Textiles
,Rahul Traders
,Rainbow
,Rainbow Creation
,Rainbow Exim Trade LLP
,Rainbow Silk
,Rainbow Textiles
,Raj Creation
,Raj Fashion
,Raj Garments
,Raj Guru Garments
,Raj Rajendra Industries LTD
,Raj Rajendra Textiles
,Raj Rajeshwari Textiles
,Raj Ratan Garment
,Raj Ratan Silk
,Raj Readymade Udyog
,Raj Sai Creation
,Raj Selection
,Raj Shree Enterprics
,Raj Shree Garments
,Raj Traders
,Raj Trading
,Raja Laxmi Tex
,Raja Mens Wear
,Raja Shree Enterprises
,Raja Textiles
,Rajal Apparels
,Rajan Kumar Ram Kumar
,Rajankumar Deepak Kumar
,Rajasthan Textile
,Rajasthan Trading CO
,Rajat Apparels
,Rajdeep Textiles & Readymades
,Raje Creation
,Rajeev Mehra
,Rajender Kumar Ram Kumar
,Rajendra & Company
,Rajendra Apparels
,Rajendra Kumar
,Rajendra Kumar Ram Kishor
,Rajendra Synthetics
,Rajendra Textile Mills
,Rajendrakumar Deepak Kumar
,Rajesh Enterprises
,Rajesh Jain
,Rajesh Textiles
,Rajguru Clothing
,Rajhans Synthetics
,Rajkamal Garment
,Rajkumar Deshraj
,Rajkumar Goyal & CO
,Rajkumar Mehra
,Rajkumar Textiles
,Rajmal Raychand
,Rajmani Textiles
,Rajshri Garments
,Raju
,Raju Bhai
,Raju Cut Pice Center
,Raju Cut Piece Centre
,Raju Textiles
,Rakesh Kumar Mulkhraj
,Rakesh Textile
,Rakesh Textiles
,Ralph Lewis Clothing CO
,Ram Associates
,Ram Krishna Garments
,Ram Kumar
,Ram Lal & Sons
,Ram Nath Vinod Kumar
,Ram Sons
,Ramani Group Enterprise
,Ramanlal Laxminaraian
,Rambo Dresses
,Ramdev Apparels
,Ramdev Fabrics
,Ramdev Garments
,Ramdin Creation
,Ramdin Enterprises
,Ramesh
,Ramesh Silk Mills
,Ramesh Textiles
,Rameshchandra Sureshkumar
,Rameshkumar & CO
,Rameshkumar Naveenkumar
,Rameshwar Apparels
,Rameshwar Creation
,Rameshwar Enterprise
,Ramgopal Cotton Mills
,Ramgopal Fashion Fabrics
,Ramji Bhai
,Ramlal Birchand
,Ramlal Hiralal
,Ramp Age Designer Studio
,Ramprasad Nathu Ram
,Ramu Tex
,Ranakpur Mills
,Ranga Tex
,Range Rover Clothing
,Rangrej Clothing
,Rankas Texfab PVT LTD
,Rankawat Export
,Rapid Clothing
,Rapier Machinery
,Rar Creation
,Rarewolf
,Rashi Garment
,Rashik Kumar Sagarmal
,Ratan Apparel
,Ratan Textiles
,Ratanraj Shirts
,Ratanshree Apparals PVT LTD
,Ratna Textile LLP
,Ratnadeep Garment
,Ratnamani Enterprise
,Rattanchand & Sons
,Ravi Creations
,Ravi Lochan Apparels .
,Ravi Textile
,Ravi Textiles
,Ravinder Fabrics
,Raychand Kamalkumar
,Rayman Textiles
,Rayzod Clothing
,Razorpay Software Limited
,R.B. Syntex
,R.C
,R.C. Fabrics
,R.C. Industries
,R.D. Creation
,R.D. Distributors
,R.D. Traders
,R.D.D Clothing
,R.D.G. Garment
,Real Garment
,Real Value Garments PVT LTD
,Red And Blue
,Red Black Garment
,Red Color Clothing
,Red Crescent Apparels
,Red Dot Fashion
,Red Fin Clothing
,Red Ford Fashion
,Red Hook
,Red Line Shirts
,Red Sun
,Redox Group
,Reemboy
,Reet Tex Link
,Regal Sales
,Regen Club
,Regent Creation PVT LTD
,Regent Faabrics
,Regent Garment
,Regent Textiles & Garment
,Rehman Bhai
,Rekha Fab
,Rekha Textiles
,Reliable Clothing & CO
,Reliable Clothing Com
,Renascent INC
,Rendolf Garments
,Renuka Arts
,Revathi Ready Mades
,R.F. Fashion
,R.G. Clothing
,R.G Designer Studio
,R.G. Enterprise
,R.G. Fashion
,R.G. Fashions
,R.G. Trading Company
,Rich Habits Clothing India
,Rich Look
,Richman Sales
,Richman Shirts
,Riddhi Apparels
,Riddhi Fashion
,Riddhi Siddhi
,Riddhi Siddhi Clothing
,Riddhisiddhi Fashion
,Rider Garmentss
,Rider Junior
,Ridham Apparels
,Ridham Synthetics PVT LTD
,Ridhi Sidhi Textiles
,Ridhu Textiles
,Rig Anthony Clothing CO
,Rikeb Textile
,Rishab Apparels
,Rishab Fabrics
,Rishabh Apparels
,Rishabh Creation
,Rishabh International
,Rishi Creation
,Rishib Textiles
,Rishikesh Enterprises
,Rithick Impex
,Ritter
,Ritu Apperals
,Riva Shoppe
,Rivive Designer Shirts
,Riwaz Collection
,Rixo Clothing Company
,Riya Beauty Parlour
,Riya Fab
,Riya Garments
,Riyansh Enterprises
,Riyansh Fabrics
,Rizwi Garment
,R.J. Creation
,R.J. Enterprises
,R.J. Fabrics
,R.J. Fashion
,R.J. Garment
,R.J. Jariwala
,R.J. Textiles
,R.K. And Sons
,R.K. Clothing
,R.K. Clothing CO
,R.K. Enterprise
,R.K. Enterprises
,R.K. Fab
,R.K. Fashion
,R.K. Garment
,R.K. Garments
,R.K. Silks
,R.K. Taneja & Sons
,R.K. Textile
,R.K. Textiles
,Rka Synthetics Private Limited
,R.M. Brothers
,R.M. Fabrics
,R.M. Hosiery
,R.M. Textiles
,Rmkv Fabrics Private Limited
,R.N. Collection
,R.N.G. Enterprises
,Roaming Kids
,Robin Enterprics
,Robit Enterprises
,Rock Sound
,Rockcodde
,Rodion
,Rogers Enterprises
,Rohini Clothing
,Rohit Clothing
,Rohit Enterprise
,Rohit Jain
,Rohit Textile
,Roma Impex
,Ronak Textiles
,Ronak Traders
,Ronakkumar Sethi And Brothers
,Ronit Creation
,Rony Textiles
,Roop Designs PVT LTD
,Roop Ji Apparels PVT LTD
,Roop Madhuri Fashion
,Roop Varsha
,Roopam Cloth House
,Rooprajat Garments
,Root & Stitch
,Roshanlal Rajkumar
,Rosy International
,Rounak Enterprises
,Royal Apparels
,Royal Blue Apparels
,Royal Clothing
,Royal Collection
,Royal Cotton Zone
,Royal Fabrics
,Royal Fit
,Royal Man
,Royal Mens Wear
,Royal Sales
,Royal Seams
,Royale Fab
,Royalex Creation
,R.P. Kishan Chand
,R.R. Creations
,R.R. Enterprise
,R.R. Enterprises
,R.R. Fashions
,R.R. Fine Fab
,R.R. Textiles
,R.S. Creation
,R.S. Distributors
,R.S. Enterprises
,R.S. Garment
,R.S. Garments
,R.S. Kreation
,R.S. Textiles
,R.S.D
,Rsg Trading CO
,R.S.S Enterprises
,Rubani Textiles
,Ruby Apparels
,Ruby Garment
,Ruchika Enterprises
,Rudraksh Clothing
,Rudraksh Exports
,Rudraksh Garments
,Runicha Marketing
,Rupam
,Rushabh Apparels
,Rushabh Creation
,Rushabh Fashion
,Rushabh Textiles
,R.V. Creation
,R.V. Enterprises
,R.V. Textiles
,Rx3 Clothing Private Limited
,R.Y. Enterprises
,Ry Mills
,R.Z. Creation
,S. Agrawal And Company
,S. Bro Apparels Private Limited
,S. Clothing India
,S Cott
,S D Reatil Limited
,S. Dayasingh Buttasingh
,S. Hara Singh And CO
,S. K. Traders
,S. Lavish Enterprises
,S. Monga Textiles
,S. Naresh Kumar
,S. Nine Textiles
,S P P Silks
,S S Apparels
,S. Sailaja
,S. Sanjeev Kumar
,S. Yogesh & CO
,S.A. Creation
,S.A. Enterprise
,S.A. Enterprises
,Saatvika Textiles (P) LTD
,Saba India
,Sabar Apparels
,Sabbe Saaje
,Sabees Apparels
,Sacharatan Enterprises
,Sachdeva Clothing
,Sachin Clothing
,Sachin Enterprise
,Sachin Handloom House
,Sachinkumar Vipinkumar
,Sachiya Agencies
,Sadanand Apparels
,Sadashiv
,Sadguru Creation
,Sadh Guru Enterprise
,Saga Bhai Studio
,Sagar & CO
,Sagar Dresses
,Sagar International
,Sagar Synthetics
,Sagar Textiles
,Sahani Fashion
,Sahara Enterprises
,Saheba Fashion
,Sahib & Sahiba
,Sahib Textiles
,Sahif Exports
,Sahil
,Sahil Collection
,Sahil Creation
,Sahil Garments
,Sahil Textiles
,Sahil Trading Company
,Sahjanand Apparels
,Sai Clothing
,Sai Fashion
,Sai Garment
,Sai Garments
,Sai Kripa Textiles
,Sai Krupa
,Sai Nath Fabrics
,Sai Prem Traders
,Sai Ram Cash & Carry
,Sai Ram Creation
,Sai Ram Enterprises
,Sai Ram Textiles
,Sai Sagar Apparels
,Sai Textiles
,Saifee Textiles
,Saikrupa Textiles
,Sainath Corporation
,Sainath Creation
,Sainath Fashion
,Sainath Knitex PVT LTD
,Sajal Enterprises
,Sakar Traders PVT LTD
,Sakaria Tex India Private Limited
,Sakshi Fashion
,Sakshi Garments
,Sakun Textiles Industries Private Limited
,Salasar Textile
,Salasar Textiles
,Salecha Fab
,Salman Creation
,Salt Clothing CO
,Saluja Fabric & Garments
,Saluja Garments
,Saluja Impex
,Saluja Textiles
,S.A.M. Creation
,Samank Apparels
,Samar Shirts
,Samar Synthetics
,Samar Textiles Mills
,Samarpan Creations
,Samarth Creation
,Samarth Garment
,Sambhav Designer Studio
,Sambhav Textiles
,Sameer Corporation
,Sameer Synthetics
,Sameer Tex India LLP
,Sammit Hoshiery Mills
,Sana Enterprises(A)
,Sanchi Synthetics
,Sanchit International
,Sanchit Trading
,Sand Shirts
,Sandeep Aroda HUF
,Sandeep Fabrics
,Sandeep Khosla
,Sandeep Synthetics
,Sandeep Textiles
,Sangeeta Clothing Company
,Sangeeta Textiles
,Sanghavi Textiles
,Sanghvi Creation
,Sanghvi Lifestyle
,Sanghvi Manmull Rajaji & CO
,Sanghvi Textiles
,Sanjay & CO
,Sanjay & Company
,Sanjay Brothers
,Sanjay Textiles
,Sanjeeta Garments
,Sanjeev Textiles
,Sankalp Exim
,Sanmati Apparels
,Sanskar
,Sanskar Creation
,Sanskar Fashion
,Sanskar Trading CO
,Sanskrito In
,Santosh Kumar Kishor Kumar
,Sanu Fashion
,Sany Traders
,Sanya Overseas
,Saood & Bro
,Sap Apparels Private LTD
,Sapphire
,Sapra Cloth House
,Saraf Textiles
,Sarah Fashions
,Saral Textile
,Saral Traders
,Saran Singh & Sons
,Saran Textiles
,Saransing Manmohansing
,Saraogi & Company
,Saraogi Enterprises
,Saraogi Traders
,Saraswati Lungi Centre
,Saraswati Textile
,Sarathas
,Sardar Ji Creations
,Saremals Fabrics INC
,Saremals Fabrique INC
,Sarfaraz
,Sarfaraz Bhai
,Sargam Transport
,Sarif Exports
,Sarika Enterprises
,Sarovar Clothing
,Sarthi
,Sarthi Impex
,Sarthi Sales Corporation
,Sarvagya Suittings
,Saryu Syntex PVT LTD
,Satguru Trading CO
,Satish Creation
,Satish Kumar & CO
,Satish Kumar & Company
,Satnam Enterprises
,Satnam Garments
,Satpal Singh & CO
,Sattva Creation
,Satyam Apparels
,Satyam Enterprises
,Satyam Textiles
,Satyandhar Kumar Sushil Kumar
,Saumya Clothing CO
,Saurabh Saree Collection
,Savayavas & CO
,Savla Corporation
,Savrang Syntics
,Sawanriya Creation
,Say Shiv Garments
,Sayonara Creations
,S.B. Studio
,S.B. Traders
,S.C. Marketing
,S.C.K. Enterprises
,S.D. Enterprise
,Sdv Synthetics
,Seemandar Textiles
,Seetaram Garment
,Seezer Clothing
,Seldom Tex
,Select & CO
,Select Exclusive
,Selection Apparels
,Seleft
,Self
,Selva Vijaya Textile
,Senthil Kumar Textile
,Seta Textiles
,Sethi Collection
,Seventy7
,S.F. Garments
,S.G. Distributors
,S.G. Enterprise
,S.G. Fabrics PVT LTD
,S.G. Fashion
,S.G. Textiles
,S.G.S. Export
,S.H. Traders India
,Sha Exports
,Shaaf Apparels
,Shabnam Creation
,Shadab Fabric
,Shades Apparels
,Shah Amichand Melapchand
,Shah Amichand Nalapchand
,Shah Brothers
,Shah Kantilal Punamchand
,Shah Kheemraj Babulal & CO
,Shah Maheshkumar Mohanlal & CO
,Shah Parasmal Sampat Rai & CO
,Shah Suiting & Shirting
,Shah Trading Agency
,Shahenshah Creation
,Shahin Tex Garments
,Shahrukh Bhai
,Shahwadi-
,Shaibaj Garments
,Shaikh Saddam
,Shakha Garments
,Shakshi Appareles
,Shakti Brandz Private Limited
,Shakti Brothers
,Shakti Fashion
,Shakti Silk Mills
,Shakti Textiles
,Shala Handi Craft
,Shaleet Apperells
,Shali Bhadra
,Shalimar International Exports
,Shalimar Means Wear
,Shalin Apparels
,Shalom Garments (P) LTD
,Shalu Creations
,Sham Textiles
,Shanil Brothers
,Shankar Apparels
,Shankar Collection
,Shankar Goenka
,Shankar Moratagi
,Shankarlal & Sons
,Shankheshwar Designer Private Limited
,Shanky Fabrics
,Shanthi & CO
,Shanthi Textiles
,Shanti Collection
,Shanti Creation
,Shanti Silk Mills
,Shanti Sons
,Shanti Textiles
,Shanu Bhai
,Sharad
,Sharanya Fab
,Sharda Creation
,Sharda Enterprises
,Sharma Traveals
,Sharvanlal Kailash Chand
,Shaswat Fashion PVT LTD
,Shaz Apparels
,Sheel Impex
,Sheen
,Sheetal Fashion
,Shekhar Apparels
,Shelene Fabrics
,Shenall Overseas
,Sher Singh Ridhkaran
,Shetrunjay Dyeing & Weaving Mills LTD
,Shifa Garments
,Shikari
,Shikha Textiles
,Shikhar Cutpices
,Shimmer Fabs
,Shimpy Garments
,Shipra Commercial PVT LTD
,Shirt Junction
,Shirt Mall
,Shisha Clothing
,Shiv Apparels
,Shiv Clothing
,Shiv Dhenu Apparel
,Shiv Dresses
,Shiv Enterprise
,Shiv Enterprises
,Shiv Exports
,Shiv Fabrics
,Shiv Garment
,Shiv Mens Wear
,Shiv Om Garment
,Shiv Om Sons
,Shiv Sandesh Garment
,Shiv Shakti Enterprise
,Shiv Shakti Enterprises
,Shiv Shakti Textile
,Shiv Shakti Textiles
,Shiv Shankar Agency
,Shiv Shankar Apparels
,Shiv Shankar Trading CO
,Shiv Shanker Fabrics
,Shiv Tex Traders
,Shiv Textile
,Shiva Collection
,Shiva Fashion
,Shiva Shirt
,Shivaay Creation
,Shivaay Garment
,Shivam Clothing Company
,Shivam Enterprises
,Shivam Fashion
,Shivam Garment
,Shivam Mens Collection
,Shivam Synthetics
,Shivam Textiles
,Shivani Fashion
,Shivansh Textile
,Shivesh Apparels
,Shivnath Gupta
,Shivsagar Synthetics
,Shivsai Shree Krishana
,Shlot Mall
,Shobhawat Industries
,Show On Exports
,Shree Ambika Garment
,Shree Ambika Synthetics
,Shree Arihant Garments
,Shree Balaji Apparels
,Shree Balaji Clothing
,Shree Balaji Creation
,Shree Balaji Dress
,Shree Balaji Garments
,Shree Balaji Impex
,Shree Balaji Trading
,Shree Bansiwala Fabrics
,Shree Bhairav Fashion
,Shree Chamunda Garments
,Shree Clothing
,Shree Creation
,Shree Dugar Clothing
,Shree Durga Textiles
,Shree Enterprises
,Shree Ganesh Clothing
,Shree Ganesh CO .
,Shree Ganesh Garments (N)
,Shree Ganesh Shirt
,Shree Ganesh Textiles
,Shree Gargya Textiles
,Shree Garment
,Shree Garments
,Shree Gautam Impex
,Shree Ghantakaran Enterprise
,Shree Gurukrupa
,Shree Hari Agencies
,Shree Hari Apparels
,Shree Hari Textiles
,Shree Jagdamba Apparel
,Shree Jee Enterprises
,Shree Jee Surat
,Shree Jee Textile
,Shree Ji Enterprises
,Shree Jineshwar Garments
,Shree Jinwer Creation
,Shree Kanteswara Textile
,Shree Karni Sales
,Shree Kashi Hari Fabrics
,Shree Keshoram Enterprises
,Shree Kiladevi Fabrics
,Shree Krishna Apparels
,Shree Krishna Cut Pics Collection
,Shree Krishna Enterprise
,Shree Krishna Impex
,Shree Krishna Textiles
,Shree Labhdi Impex
,Shree Laxmi Enterprises
,Shree Laxmi Garments
,Shree Laxmi Textiles
,Shree Mahabeer Textiles
,Shree Mahakal Traders
,Shree Mahakali Apparels
,Shree Mahalaxmi Apparels
,Shree Mahalaxmi Textiles
,Shree Mahavir Apparels
,Shree Minakshi Garment
,Shree Minakshi Textiles
,Shree Mittal Embpaim
,Shree Murali Krishna Garments
,Shree Nakoda Traders
,Shree Narayan Enterprises
,Shree Nath Enterprises
,Shree Nath Export
,Shree Navkar Garments
,Shree Om Creation
,Shree Om Industries
,Shree Padmawati Garment
,Shree Padmawati Garments
,Shree Pateswari Mata Silk Mills
,Shree Radhe Apparels
,Shree Radhekrishna Creation
,Shree Radheyshyam Syn Fab PVT LTD
,Shree Raj Cloth House
,Shree Raj Readyment Udyog
,Shree Rajendara Cash Company
,Shree Rajeshwar Creation
,Shree Ram Cloth & Cut Piece Store
,Shree Ram Cloth Store
,Shree Ram Mukadam
,Shree Ram Textiles
,Shree Ram Traders
,Shree Ramdev Creation
,Shree Ramdev Fabrics
,Shree Reddy Siddhi Bhandari Tex Fab PVT LTD
,Shree Riddhi Siddhi Bhandari Tex Fab
,Shree Rupana Shirts
,Shree Sai Nath Textile
,Shree Sambhavnath
,Shree Shalibhadra Creation
,Shree Sheetal Creation
,Shree Shyam Apparels
,Shree Shyam Enterprise
,Shree Shyam Fabrics
,Shree Shyam Fashion
,Shree Shyam Synthetics
,Shree Shyam Traders
,Shree Shyambaba Textile
,Shree Siddhi Vinayak Creation
,Shree Siddhivinayak Sale
,Shree Sidhnath Sels CO
,Shree Tanot Fabrics
,Shree Textile Corporation
,Shree Thakurji Traders
,Shree Traders
,Shree Vallabh Cloth Centre
,Shree Vidhya Sagar Apparels
,Shree Vikash Textiles
,Shree Vinayak Creation
,Shree Vishal Apparels
,Shree Vishat Apparels
,Shree Vishnu Fabrics
,Shree Vishwanath Textiles
,Shreedham Silk Industries PVT LTD
,Shreeji Creation .
,Shreeji Exim
,Shreeji Garments
,Shreeji Textiles
,Shreeji Traders
,Shreejii Arts
,Shreeman
,Shreenath Apparels
,Shreenath Clothing CO
,Shreenath Textile
,Shreenathji Textiles
,Shreenik & Sons
,Shreya Fabrics
,Shreya Sales
,Shreyans Creation Global Limited
,Shreyas Fabrics
,Shreyas Impex
,Shri Agaran Cottons
,Shri Aman Textiles
,Shri Ambe Hosiery
,Shri Apparels
,Shri Bajaj Industries
,Shri Balaji Creations
,Shri Balaji Fabrics
,Shri Balaji Fashion
,Shri Balaji Garments
,Shri Bhola Traders
,Shri Binayak Mills
,Shri Enterprise
,Shri Hari Om Clothing
,Shri Hari Om Clothing CO India
,Shri Indra Impex
,Shri Kalindi Synthetics
,Shri Kamakshi Clothing
,Shri Kamlesh Textiles
,Shri Karni Tex
,Shri Kartikeya Apparels
,Shri Khajana Fashion
,Shri Krishna Garment PVT LTD
,Shri Kshemkari Apparels
,Shri Maa Textiles LTD
,Shri Madhav Apparels
,Shri Menka Dresses
,Shri M.P. Apparels
,Shri Muktai Mart Private Limited
,Shri Murli Krishana
,Shri Nath Apparels
,Shri Parshvaraj Fashion
,Shri Radhey Krishna Enterprises
,Shri Ram Fabrics
,Shri Ram Traders
,Shri Sai Baba Apparels
,Shri Sai Baba Kripa
,Shri Sai Fabrics
,Shri Sai Textiles
,Shri Saivo Creation
,Shri Shiv Textiles
,Shri Shyam Enterprises
,Shri Siddhi Vinayak Sales
,Shri Siddhnath Sales Company
,Shri Somwar
,Shri Sudha Sagar Apparels PVT LTD
,Shri Vardhman Textiles
,Shri Vilas Textiles
,Shri Vimalnath Textiles
,Shri Vishnu Creation
,Shriman Dress
,Shringar Creation
,Shriniwasa Apparels PVT LTD
,Shriraj Sarfaraj
,Shubh Creation
,Shubh Kreations
,Shubham Carporation
,Shubham Collection
,Shubham Creation
,Shubham Selection
,Shyam Aparells
,Shyam Collection
,Shyam Creation
,Shyam Fashion Fabrics
,Shyam Ghanshyam
,Shyam Sunder Anil Kumar
,Shyam Tex
,Shyam Textiles
,Shyamsingh Kuldeepsingh
,Siddesh Deepak
,Siddh Enterprises
,Siddh Shree Textiles
,Siddhant Creations LLP
,Siddharth Textiles
,Siddhi Apparels
,Siddhi Collection
,Siddhi Vinayak Collection
,Siddhi Vinayak Garments
,Siddhi Vinayak Textile
,Siddhi Vinayak Textiles
,Siddhivinayak Apparles
,Siddhivinayak Garment
,Sidhi Clothing CO
,Sidhi Sahay
,Sidhi Vinayak Enterprises
,Signature Cotton Industries LLP
,Signora Exports
,Silver Line
,Silver Man Shirts
,Silver Shirts
,Silverline Fashion Fabrics LTD
,Simar Textiles
,Simmi Fabrics
,Simran Enterprise
,Simran Garment & Textiles
,Simran Garments
,Simran Garments Private Limited
,Singhal Textiles
,Sita Apparels PVT LTD
,Sita Fashion PVT LTD
,Sixlock Clothing
,Siyaram Silk Mills Limited
,S.J. Fabrics & Readymade
,S.K. Bros
,S.K. Clothing CO
,S.K. Creation
,S.K. Enterpries
,S.K. Enterprises
,S.K. Fab
,S.K. Fabrics
,S.K. Fashion
,S.K. Rayon
,S.K. Selection
,S.K. Store
,S.K. Textile
,S.K. Textiles
,Skc Clothing Company
,S.K.F. Sri Durga Fabrics
,Skin Fab
,Skr Apparels Private Limited
,S.K.S. Enterprises
,S.K.S. International
,Sky Clothing
,Sky Denim
,Sky Hook
,Skywalker Clothing CO
,S.L. Apparels
,S.L. Fashion
,S.L. Textile
,Sls Sales Corporation
,S.M. Creation
,S.M. Marketing
,S.M. Patel
,S.M. Textiles
,S.M. Traders
,Smart Creation
,Smile Creation
,S.M.K. Creation
,Smoker Clothing
,S.M.P. Creation
,S.N. Corporation
,S.N. Creations
,S.N. Garment
,S.N. Traders
,Snatcch Exports
,S.N.B. Collection
,Sneha Collection
,Snl Lifestyle Private Limited
,S.N.R. Styles
,Snuzy International
,So Design Factory PVT LTD
,Sobhagia Sales PVT LTD
,Social Buffet
,Soham Textiles
,Sohan Textiles
,Sohil Synthetics
,Sohil Textiles
,Solace Fashion PVT LTD
,Sole Walker
,Solid Garments
,Solino International
,Solo Clothing
,Somani Creation PVT LTD
,Somani N Somani
,Somani Syntex PVT LTD
,Sona Collection
,Sona Cutpiec Corner
,Sonal Creation
,Sonal Enterprise
,Sonal Textiles
,Soni Kumari
,Sonice Creations
,Sonnya Fab
,Sonu Garments
,Sonu Synthetics
,Sonu Textiles
,Sony Creation
,Sou Beena R. Jain
,Soul Creation
,Sourabh Vastralaya
,South Zone App
,S.P. Enterprises
,S.P. Garment
,S.P. Garments
,S.P. Lifestyle Brands PVT LTD
,S.P. Lifestyle PVT LTD
,S.P. Textiles
,S.P. Traders
,Spa Dresses
,S.P.A. Garments
,Spark Apparels
,Spartan Creations Private Limited
,Spectrum Fashion
,Speed Garments
,Spencers
,Spring Green Studio
,Sps Apparel
,S.P.S. Fashion
,S.P.S Textiles
,S.Q. Textiles
,Sql
,Square Mango Innovations PVT LTD
,S.R. Apeareals
,S.R. Creations
,S.R. Enterprises
,S.R. Garments
,S.R. Textiles
,S.R. Traders
,S.R. Trading
,Srg Fab
,Sri Angala Easwari Fabrics
,Sri Balaji Apparels
,Sri Ganesh Garment
,Sri Ganpati
,Sri Kamakshi Clothing
,Sri Kannika Parameswari Stores
,Sri Kumaran Garments
,Sri Lakshmi Handlooms
,Sri Lingam & CO
,Sri Mansukh International
,Sri Meenakshi Textiles .
,Sri Mithran Collections
,Sri Niwas & CO
,Sri Raghavendra Garments
,Sri Ram Enterprises
,Sri R.K. Garments
,Sri Sai Enterprises
,Sri Salasar Trading
,Sri Shakti Clothing
,Sri Shivam Fabrics
,Sri Vasantha Nilayam
,Sri Venkateswara Traders
,Srima Garments
,Srimants Designer Clothing Private Limited
,Srinivasa Garments
,Srivari Exports
,Srm Exports
,S.R.M Global
,S.R.S Clothing Company
,S.R.S Impex
,Sruthi Marketing
,S.S
,S.S. Cloth House
,S.S. Corporations
,S.S. Creation
,S.S. Creations
,S.S. Enterprises(G)
,S.S. Fabrics
,S.S. Garment
,S.S. Impex
,S.S Knit Fabrics
,S.S. Shirting
,S.S. Textiles
,S.S. Traders
,S.S.D. Emporium
,S.S.D. Enterprises
,S.S.D.N. Creations
,S.T Retail India PVT LTD
,Stado Clothing
,Stake Clothing
,Stallion Global Ventures
,Stanbury Apparels
,Star Creation
,Star Enterprises
,Star Fabrics
,Star Fashion
,Star Marketing CO (B)
,Status Creation
,S.T.C
,Stitch & Style
,Stitch Clothing
,Stitch Fab India PVT LTD
,Stitch Line Creation(G)
,Straps Fashion
,Stryder Clothing CO
,Studio Sr
,Studio U. Like
,Sturdy Lifestyle Solution
,Style Collection
,Style Machine
,Style Plus
,Style Selection
,Style Statements
,Style Studio
,Style Union
,Subash Chand Shivkumar
,Subh Collection
,Subh Creation
,Subh Laxmi Clothing
,Subh Laxmi Fabrics
,Subhash & Sons
,Subhash Sales Corporation
,Subhash Textile
,Subhla Garments House
,Subprabhat Garments
,Sudarshan Cloth Wholesaler
,Sudha Fabrics
,Sufian
,Sugan Textiles
,Suganmal Manishkumar Jain
,Sujanmal Dhariwal & CO
,Sujay Entarprics/Belu
,Sukh Enterprics
,Sukh Sagar Collection
,Sukhdata Creation
,Sukhmani Textiles
,Sukiya Fabrics
,Suman Textile
,Sumangal Silk Mills PVT LTD
,Sumangal Tex
,Sumit & Mohit Garment
,Sumit Textiles
,Sumitra Enterprises
,Sun India Marketing
,Sun Shine Silk Mills
,Sun Tex Garment
,Sundaram Mens Wear
,Sundary Fashion
,Sunder Lehengas And Sarees
,Sundha Apparels
,Sundha Maa Enterprises
,Sundha Textile
,Sunfab
,Sunil Brother
,Sunil Clothing
,Sunil Enterprises
,Sunil Kumar Jain
,Sunil Kumar Mahender Kumar
,Sunil Kumar Sahil Kumar
,Sunil Overseas LLP
,Sunil Readymade Garment
,Sunil Textiles
,Sunil Traders
,Sunita Textile
,Sunny Cloth House
,Sunny Fab
,Sunny Garment
,Sunny Garments
,Sunny Textiles
,Sunrise Collection
,Sunshine Clothing
,Super Cash Cloth Center
,Super Classic Trading CO
,Super Clothing
,Super Garment
,Super Handloom
,Super Sales Garments
,Super Shirts
,Super Squad Clothing P LTD
,Superlon Textiles Mills PVT LTD
,Sur Kanti Textiles
,Suraj Cash N Carry
,Suraj Clothing
,Suraj Collection
,Suraj Creation
,Suraj Fashion World
,Suraj Garments
,Suraj Impex
,Suraj Marketing
,Suraj Textiles
,Surbhi Apparels
,Surbhi Fashion
,Surbhi Textiles
,Surekha Marketing
,Surender Singh
,Surendrakumar Ajaykumar & CO
,Suresh B. Bhansali
,Suresh Chand Gupta
,Suresh Cloth Store
,Suresh Fabrics
,Suresh Kumar Bijay Kumar & CO
,Suresh Textiles
,Surjeet Textiles India PVT LTD
,Surya Enterprises
,Surya Textile
,Surya Textiles
,Surya Trading CO
,Surya Vastralayam
,Sushil Jain
,Sushila Textiles
,Sushma Fashion
,S.V. Creation
,S.V. Enterprises
,S.V. Garment
,Swagat Packing
,Swagatam
,Swagath Garments
,Swami Om Traders
,Swaraj
,Swaroop Textile
,Swastik
,Swastik Agencies
,Swastik Clothing
,Swastik Creation
,Swastik Dyeing Bleaching Factory
,Swastik Enterprises
,Swastik Fab
,Swastik Garments
,Swastik Sales
,Swastik Traders
,Swathi Garments
,Swathi Textiles
,Swati Apparels
,Swati Sales
,Sweet Dreams
,Syllabus Clothing
,Synthetics Corporation
,Sza Fashion
,T. Enterprice
,Taglines
,Tahikandas Bindumal
,Taj Life Style
,Talwar Knitwears
,Tamana Enterprise
,Tanay Traders
,Tanish
,Tanishkaa Fashion
,Taniya Enterprises
,Tank Garment
,Tannot Fabrics
,Tanush
,Tanvi Creation
,Tanya Garments
,Tapan Textiles
,Tapan Trading Corporation
,Taparia Impex PVT LTD
,Tara Textile
,Taraksh Apparels
,Taramani INC
,Tarun Apparels
,Tarun Shirts
,Tarun Textiles
,Tas Apparels
,Tatad Apparels
,Tcs Fabric
,Team Work
,Tedberry
,Tee Enterprises
,Teej
,Teemper Lifestyle PVT LTD
,Teena Textile
,Tegh Apparels
,Tej Pal Sharma
,Tejas Enterprises
,Tejaswani Enterprise
,Tejpal Vimal Kumar Chhabra
,Tencent Clothing
,Terquois Klothing
,Tessuto Fashions PVT LTD
,Test
,Tex Cod
,Texcot
,Texmart Traders PVT LTD
,Textile Export Corporation
,Textile Temple
,Textiles Traders PVT LTD
,Thaara Garment Industries PVT LTD
,Thairich Clothing India
,Thakur Ji Sales
,Thakurjee
,Thanvi Life Style
,Thanzil
,Tharumal Jitendra Kumar
,The Cotton Fabrics
,The Design Yard
,The Duro Club
,The Engineered Clothing
,The Experts
,The Magnet
,The Mandhana Retail Venture LTD
,The Merchants Company
,The Moksh
,The News Apparels
,The One Apparels
,The Saraogi Clothing CO
,The Shakti Plastic Industries
,The Souled Store PVT LTD
,The West India Company
,The Young Man Clothing CO
,Theni Anantham Pattu Centre PVT LTD
,Third Floor-
,Thread Theory
,Three Threads
,Thukral Enterprises
,Thukral Traders
,Thumse Traders
,Tikamlal Lotwala & CO
,Time Machine
,Tip Top Garment Maker
,Tiruchengode-Namakkal
,Tirumala Enterprises
,Tirupati Apparels
,Tirupati Clothing
,Tirupati Creation
,Tirupati Textile
,Tirupati Textiles
,Tmg Textiles & Garments
,T.N. Textiles
,Tobbler
,Tobbler Nuts
,Today Fashion
,Toggle Fashion
,Tomorrowland Apparels PVT LTD
,Toms And Toss
,Too Love Gents Boys
,Top Edge Clothing
,Top England Wear
,Topper Kids
,Tor Exports
,Torque
,Toss
,Touch Marketing
,T.R. Textiles Mills
,Trade Center
,Trancz
,Tranz India
,Traveen Clothing
,Travelstar
,Trend Apparels
,Trends Clothing Culture
,Trident Marketing
,Trimline Fashions LLP
,Trio Textiles & Apparels
,Trishna Creation
,Triveni Creation
,Triveni Garments
,Triveni Sales
,Tropical Island Exports
,True Design
,True Life
,Try Studio
,T.S. Enterprics
,T.T. Textiles
,Tudar Enterprises
,Tulsi Collection
,Tulsi Marketing Nx
,Turtle Limited
,Tuscan Global INC
,Tusk Mens Gallery
,Twills Clothing CO PVT LTD
,Twills Clothing PVT LTD
,Twinkle Collection
,Twinkle Shirts
,Twist Fashion
,Tychee International
,Tyuksi
,Ubrod Clothing Company
,Uc Yuvan Apparels LLP
,U.D. Textiles
,Udhayam Garments
,Uggar Sain Jain & Sons
,Uma Saran Sales
,Uma Textiles
,Umar Creation
,Umesh Trading CO
,Unais Enterprises
,Underroot Fashion LLP
,Unicron International
,Unimarc Fashion
,Unique Clothing
,Unique Creation
,Unique Textile & Garments
,Unisol Global
,United Clothing
,United Creation
,United Creator
,Universal Textiles PVT LTD
,Up2 Date Fashion
,Upasana Apparels
,Upc World
,Updates Clothing INC
,Upgrade Clothing
,Urban Clothing
,Urban Clothing INC
,Urban Colours Clothing CO
,Urban Up Star
,Urbanity Creations
,Urvashi Enterprises
,Urvish Silk Mills
,Urwashi Garment
,U.S. Five Garments
,U.S. Petrol
,U.S. Wear
,Usha Clothing
,Uttamchand Sahajram
,U.V. Fashion PVT LTD
,V. Anil Kumar & Sons
,V. Clothing
,V. Hemant Kumar & CO
,V. Hitendra
,V. Radha Krishna Murty
,V S Garment
,Vacchara International
,Vadhera Traders
,Vaibhav
,Vaibhav Clothing
,Vaibhav Fabrics
,Vaibhav Laxmi Enterprises
,Vaibhav Textiles
,Vaishali Dresses
,Vaishnav Automation
,Vaishnavi Textiles
,Vallabh Design Prod
,Vallabh International
,Vama Fabrics LTD
,Van Clothing
,Vanclad
,Vandana Apparels (R)
,Vandana Clothing
,Vandana Creation
,Vandana Garments
,Vandna Textiles
,Vaneet Textile
,Vanis Creation
,Vanita Textiles
,Vanshika Fabrics
,Vanshil
,Vape Enterprises
,Vardhaman Traders
,Vardhman Enterprises
,Vardhman Textile
,Varneshwar Apparels
,Varsha Fab
,Varsha Fashion
,Varun Enterprises
,Varun Garments
,Varun Textiles
,Varuna Enterprises
,Varunji
,Varunraj Clothing CO
,Vasanth Traders
,Vast Fabrics
,Vastralock
,Vasu Clothing PVT LTD
,Vasu Life Style
,Vasu Life Style PVT LTD
,Vasu Traders
,Vasudev Sanjay Kumar
,V.D. Garment
,Veda Clothing
,Vedant Creation
,Vee Fashion
,Vee Jay Collection
,Vee Kay Tex Fab
,Veena Textiles
,Veepee World Private Limited
,Veer Enterprise
,Veeraanganaa Pareedhaan
,Veetrag Textile
,Veetrag Traders
,Veetrag Trading Company
,Vegas Apparels
,Vegas Shirts
,Velocity
,Vema Brothers
,Vema Selections
,Venakatesh Apperells
,Venisha Rayons
,Venta Black Apparels
,Ventoverona Limited
,Venus International (R)
,Vestido Stiche
,V.F. Garment
,V.G
,V.G. Apparels
,V.G. Enterprise
,V.H. Enterprise
,Vicas Garment
,Vicky Garments
,Vidhi Clothing Company
,Vidhya Creation
,Vidya Textiles
,Vidyaputra Enterprises
,Vihaan Export
,Vij Clothing
,Vij Creations
,Vijay Bhai
,Vijay Corporation
,Vijay Exports
,Vijay Kumar & CO
,Vijay Shree Garment
,Vijay Synthetics
,Vijay Textiles
,Vijay Textiles Agency
,Vijay Trading & CO
,Vijaya Durga Textiles
,Vijaya Fashion Mart
,Vikas Clothing
,Vikas Enterprises
,Vikas Garments
,Vikas Textiles
,Vikash Syntex
,Vikash Textiles
,Vikram Raichura
,Vikram Textile
,Vikram Textiles
,Vimal Textile
,Vinay Enterprises
,Vinay Garments
,Vinay Textiles
,Vinayak Agency
,Vinayak Apparels
,Vinayak Creation(P)
,Vinayak Synthetics
,Vineet Apparels
,Vinish Colleation
,Vinit Enterprises
,Vinod Textiles
,Vinod Textils
,Vinod Trading CO
,Vintage
,Vintage Trading
,Viral Polycott
,Viral Silk Mills
,Viral Textiles
,Virgin Fashion
,Virus Marketing
,Vishaka Garments
,Vishal Bazar INC
,Vishal Chokhani
,Vishal Clothing
,Vishal Creation
,Vishal Textiles
,Vishal Traders
,Vishal Trading CO
,Vishal Vastra Bhandar
,Vishala Export PVT LTD
,Vishesh
,Vishnu G
,Vishnupriya Enterprises
,Vishu Textiles
,Vision Mode Private Limited
,Visva Garments
,Viva Over Seas
,Vivaldy Clothing CO
,Vivek Garments
,Vivek Traders
,V.K. Anilkumar & CO
,V.K. Enterprise
,V.K. Fashion
,V.K Textiles
,Vnv Apparels
,Voltage
,Volume Zero Fashions
,Vora Associates
,V.R. Export
,Vrinda Chokhani
,Vrindavan Garment PVT LTD
,Vrundavan Enterprise
,Vrundavan Garment
,V.S
,V.S. Clothie
,V.S. Creation
,V.S. Enterprises
,V.S. Fashion
,V.S. Traders
,V.S. Wears
,V.V. Apperells
,Vyas Brothers
,Vyom Apparels
,Wadhwa Brothers
,Wahe Guru Creation
,Wahe Guru Enterprises
,Wallmar Fabrics
,Warsi Com
,Warsi Creation
,Waves Designs
,Ways Clothing CO
,Wearhouse Wolves
,Weave Art Fabrics
,Wed Lounge Apparels LLP
,Welcome Apparels
,Wellsell Exports
,Wester Trends
,Western Export
,Western Fabrics
,White & Mackey
,White Flag
,White Line
,White Line Clothing
,White Lion
,White Tigar
,Whyte & More
,Wide Clothing
,Winner Colleation
,Winner Garments
,Winstar
,Wit Boy Kids Wear
,Wolf Mens Outfit
,Wollen Collection
,Wonder Creation
,World Famous Clothing Co(N)
,Worthy Apparel
,Wyc Clothing CO
,Wyse Fashions
,X Brand
,X. Club
,X1 Casuals
,X=10 Clothing
,Xberry Fashion Hub
,Xl Apparels
,Y.A. Enterprises
,Yadhuveer Creations
,Yahoo Shirts
,Yakuja
,Yash Collection
,Yash Creation
,Yash Enterprises
,Yash Textile
,Yash Textile Center
,Yashaswini Garments
,Yashika Hosiery
,Yashraj Creation
,Yashraj Fabrics
,Yashraj Garments
,Yashvi Creation
,Yashvir Enterprise
,Yatish Kumar Fulchand & CO
,Yes Bharath Wedding Collections
,Yes Boy
,Yes Fab
,Yesh Impex
,Yess Boy
,Yesto Clothing
,Yo Man
,Yogesh & CO
,Yogesh Company
,Yogesh Kumar Abhishek Kumar
,Yogesh Kumar Abhishek Kumar Sons
,Yogesh Textiles
,Yoth Creation
,Yoth Jeans
,Youngistan
,Youniverse
,Yoyo Kids
,Yuana Fashion
,Yug Textiles
,Yuvraj Enterprises
,Yuvraj Shirts
,Yuvraj Syntex
,Z. Clothing
,Z. Factor Clothing PVT LTD
,Z-10
,Zaab Fashion
,Zah Clothing
,Zaheen Clothing
,Zak Fashion & Export
,Zak Fashion And Exports
,Zaks Textiles
,Zalak Fashion
,Zalani Creation
,Zalani Enterprises
,Zarif Clothing
,Zarish
,Zarish Clothing
,Zaz Com
,Zed Black
,Zedex Clothing PVT LTD
,Zenaa-Z Garment
,Zenith Garment
,Zeris
,Z.H. Textile
,Zinc Clothing PVT LTD
,Zoo Plus
,Zoopia Apparels
,Zubair Ansari
,SHREE RAJESHWAR CREATION
,SHREE RAMDEV CREATION
,SHREE SHALIBHADRA CREATION
,SHREE SHEETAL CREATION
,SHREE SIDDHI VINAYAK CREATION
,SHREE VINAYAK CREATION
,SHYAM FASHION FABRICS
,SKC CLOTHING COMPANY
,SLS SALES CORPORATION
,SUBHASH SALES CORPORATION
,UBROD CLOTHING COMPANY
,VIDHI CLOTHING COMPANY
,BHAGWATI TEXTILES
,SHREE CREATION
,BHAGWANA TEXTILES
,V. HITENDRA
